user_id,age,country,events_last_30d,purchases_last_30d,total_spend_last_30d,churned
1,40,MX,46,3,24.46138398744105,0
2,33,CL,57,4,39.68369325362584,0
3,42,MX,52,6,75.39291823056595,0
4,53,CL,41,7,181.20898579725025,0
5,32,CL,45,4,31.608350928491515,0
6,32,AR,38,5,27.710059389058152,0
7,53,CL,46,5,74.72900818162113,0
8,44,MX,35,3,83.54497113744388,0
9,29,AR,49,3,206.11789075471134,0
10,41,CO,51,7,60.37987946928798,0
11,29,CO,46,3,303.62334389948404,1
12,29,AR,60,8,216.41536516303566,1
13,37,MX,43,8,101.29891328805589,0
14,12,CO,55,5,195.1889565537838,0
15,14,CO,50,5,200.80488579867563,0
16,28,CL,47,3,19.33172434232853,0
17,22,CL,48,3,144.90023744703493,0
18,38,MX,49,6,92.69245831394703,0
19,24,AR,40,5,34.20065902703917,0
20,18,MX,66,4,73.06500346948226,0
21,52,AR,51,6,211.05563564834614,0
22,32,CO,50,3,139.98590157358507,0
23,35,CL,44,12,48.99536865768305,0
24,17,MX,47,1,245.82927593075877,0
25,28,MX,41,6,248.16366182070988,0
26,36,AR,43,1,130.88941007359333,0
27,21,AR,44,6,139.63074500136716,0
28,39,MX,58,1,223.44059217450047,1
29,27,AR,51,4,129.77666499068457,0
30,31,MX,47,3,49.761696129384546,0
31,27,MX,47,3,38.174207290197685,0
32,57,MX,51,5,15.00801850919008,1
33,34,CO,57,5,144.11942234231526,0
34,22,AR,54,5,89.08543744794619,0
35,44,CL,44,9,40.35114102982392,0
36,20,CL,44,3,4.367642826518474,0
37,37,AR,57,3,18.043202449863987,0
38,11,MX,55,6,149.47325754728186,0
39,19,CL,49,6,36.97407041058156,1
40,37,CL,39,3,34.71151740211186,0
41,43,AR,62,7,49.18075572585063,0
42,37,CL,45,4,101.98644922459708,1
43,33,MX,49,1,88.34159549528616,0
44,31,AR,56,7,99.58722384649678,0
45,17,MX,50,7,-300.0,0
46,26,CL,56,2,108.3997559603007,0
47,29,CL,58,5,176.12688185208293,0
48,47,MX,47,6,2.4865820042827638,0
49,39,CO,52,9,63.161132597004155,0
50,13,CL,50,3,53.1139779243736,0
51,38,CO,34,4,64.6776510888482,0
52,30,CL,51,10,34.46377901239682,0
53,26,CO,58,4,77.86773535964177,0
54,42,CO,44,4,49.01495678299364,0
55,47,CO,55,4,25.32794446698037,0
56,46,MX,52,7,115.94398212670647,0
57,24,CO,42,8,193.11243982443293,0
58,31,CO,57,6,79.48394921939511,0
59,38,CO,55,6,144.9513687397558,0
60,46,CL,56,3,136.5350894721553,0
61,29,CO,54,5,230.58201421872062,0
62,32,CL,63,6,134.55854775336766,0
63,21,CO,36,2,88.07370920771518,0
64,20,CO,58,8,63.656480288015935,0
65,44,MX,56,5,44.02133470402234,0
66,51,CL,47,4,82.07135499929564,0
67,34,CO,63,4,157.99944709011714,0
68,47,CL,52,2,203.5858684356676,0
69,39,CL,46,5,44.96291323638386,0
70,27,AR,55,5,52.236305848269204,0
71,39,MX,54,4,180.99181929436511,0
72,53,MX,47,2,238.94005647165125,0
73,34,MX,49,4,11.639993140464831,0
74,53,AR,47,4,81.49861461467705,0
75,3,AR,64,1,133.8933339411594,0
76,44,MX,47,8,124.30651077060139,0
77,36,AR,36,4,15.844134495010104,0
78,-5,AR,42,10,81.68524708277349,0
79,36,AR,49,6,62.47160389596195,1
80,11,MX,44,3,22.58891791661954,0
81,32,MX,53,6,140.1907110130336,0
82,39,MX,56,4,198.60174814300328,0
83,52,AR,61,3,87.46045668926573,0
84,28,MX,56,2,63.58859698039625,0
85,25,AR,53,3,91.23798880062827,0
86,28,CO,48,5,147.28029795921938,0
87,45,AR,60,3,8.935981730773394,0
88,38,CL,46,4,209.0957595982677,0
89,28,MX,45,3,47.747545620770246,0
90,41,MX,43,6,104.40373202715531,0
91,36,CL,48,5,86.91722408360124,0
92,46,AR,40,5,50.201789192377646,1
93,26,CO,51,4,260.4771096253398,0
94,31,CL,50,4,141.05756923442382,0
95,30,CL,52,6,180.59014198346298,0
96,17,AR,42,4,34.11213473570748,0
97,38,MX,51,6,129.7516271884492,0
98,38,AR,47,4,92.28158910303064,0
99,35,CL,53,5,81.37504065043333,0
100,32,CL,57,5,299.76072429386545,0
101,18,MX,53,4,46.58091277294376,0
102,29,MX,48,5,29.068460870535702,0
103,30,MX,57,3,64.22974744921103,0
104,25,AR,52,4,146.46383602758638,0
105,33,MX,43,6,195.51190807405033,0
106,39,CL,52,6,51.24494400387133,0
107,57,CL,51,1,100.82155858802516,0
108,37,CO,42,3,122.6595418413636,0
109,38,AR,46,4,82.95292554258775,0
110,34,CO,49,6,87.81916663204709,0
111,11,CL,34,4,81.59400495324736,0
112,34,CO,54,3,100.44257091634282,0
113,35,CL,44,14,67.26130966116855,0
114,64,CO,44,5,157.67775627942916,0
115,32,MX,47,4,83.43080260769757,1
116,38,CO,57,5,61.93443939975351,0
117,34,MX,47,5,47.06859046994693,1
118,20,MX,57,7,72.91519804997733,0
119,48,AR,43,7,38.03430057697906,0
120,44,MX,49,7,230.10687013067383,0
121,44,MX,58,2,153.5231925223709,0
122,24,CO,47,5,117.40291242911525,0
123,51,CL,58,3,108.40768603942834,1
124,18,AR,49,7,78.15628941444086,0
125,42,MX,63,2,67.00077077406957,1
126,61,AR,63,6,47.29563718534212,1
127,23,CO,51,4,71.88804828673663,0
128,28,MX,49,8,69.29190776115175,0
129,36,CO,42,5,158.34818816039032,0
130,28,AR,55,1,222.83447630934933,0
131,16,CO,48,2,134.89172578946003,0
132,35,AR,52,3,37.95674924971764,0
133,22,CO,53,6,15.651169116889676,0
134,40,AR,47,8,77.85847704365536,0
135,23,CL,48,4,19.659825171031475,0
136,53,CO,57,3,96.82461737823806,0
137,25,CO,47,6,322.59450251873216,0
138,31,CL,39,6,45.25229229132128,0
139,44,CL,48,8,231.2744525062561,0
140,20,CO,53,6,15.706535858882917,0
141,37,CL,48,6,60.885955472134256,0
142,50,MX,42,5,33.65599681181035,0
143,15,AR,51,4,52.99982505735349,0
144,37,AR,50,5,3.99960608250599,0
145,38,AR,67,5,194.24798211484904,0
146,44,MX,62,6,123.2564826679278,0
147,20,CL,53,11,20.3411014047705,0
148,19,CL,56,8,41.33479901125504,0
149,41,CO,54,7,154.60798434567778,0
150,38,CL,55,7,103.80332412725414,0
151,38,CO,51,4,97.79809453037319,0
152,39,MX,49,8,106.93492314085684,0
153,26,AR,62,6,222.97923674479887,0
154,37,AR,58,2,3.7768810649911333,0
155,38,AR,50,4,59.0435579774976,0
156,26,CL,51,0,16.919356319925427,0
157,57,CO,32,6,55.68472825730938,0
158,40,CO,70,0,104.52858850464179,0
159,20,MX,55,7,189.46478643497332,0
160,42,CL,54,9,76.0886459438575,0
161,23,MX,65,7,109.17091898239528,0
162,44,CO,56,2,123.17056975893641,0
163,48,CO,52,4,132.00662039863158,0
164,25,AR,54,8,83.54293032153048,0
165,46,CL,64,5,9.880734081256437,0
166,39,CO,53,5,49.97692534527125,0
167,44,AR,46,6,113.27676641689696,0
168,57,CL,48,2,64.02188368257634,1
169,32,MX,42,4,91.63712066952853,0
170,25,CL,38,7,111.53060895744473,0
171,24,CL,39,3,61.024221574898064,0
172,25,CO,53,6,26.192825139606896,0
173,34,CO,42,2,13.549124618607767,0
174,39,CL,74,8,120.5622506849859,0
175,38,CO,44,10,101.89662287554091,0
176,44,CO,63,5,27.98154786977987,0
177,35,CO,34,4,12.96116238065558,0
178,52,AR,51,4,194.48273445183295,0
179,31,AR,46,8,44.976457732738076,0
180,67,CL,52,9,198.375474392203,1
181,42,CO,45,7,117.64919754927415,0
182,24,AR,45,7,176.11372778893374,1
183,22,CL,47,3,100.18519585296897,0
184,40,CO,34,8,40.15522628404528,0
185,32,MX,44,7,260.03390563651317,0
186,43,CO,39,2,60.554068488872446,0
187,40,CO,46,5,146.7891029202107,0
188,34,AR,38,7,174.7393868377286,0
189,24,CL,56,6,46.77597015979459,0
190,16,CL,50,1,135.13371876818368,0
191,29,AR,46,3,122.75887442477851,0
192,45,CO,51,4,198.64250029377848,0
193,37,MX,51,4,215.57078782232094,0
194,20,CO,56,3,33.09451020740125,0
195,37,CO,41,7,105.17537041229563,0
196,39,MX,47,9,13.174596918489756,0
197,24,AR,54,4,64.01723613959275,1
198,36,CL,54,3,317.30627657704525,0
199,35,AR,53,4,35.57993386226585,0
200,21,AR,46,4,62.41835568190702,0
201,39,CO,48,6,65.10391107960432,0
202,41,CL,54,3,351.0400487299282,1
203,47,CL,54,10,98.8955208760024,0
204,47,AR,48,5,133.13726554067281,0
205,18,MX,55,5,16.69297262522448,0
206,23,AR,54,3,101.10390675491271,0
207,41,MX,53,2,84.57210887604005,0
208,41,CL,59,7,14.58891523127308,0
209,41,AR,49,5,34.97291558222747,0
210,81,CO,48,4,55.371661195436886,0
211,41,AR,46,6,89.27887318305265,0
212,48,CL,58,5,95.21662557957838,0
213,46,CO,64,4,19.006969291661697,1
214,42,CO,58,7,56.85682627204702,0
215,31,MX,56,4,90.77239646748735,0
216,44,CO,57,2,104.70886800955968,0
217,25,CO,45,3,29.91604604207555,0
218,32,AR,56,8,161.1594721762234,0
219,29,CL,59,5,310.170190641922,0
220,35,MX,54,6,93.13859297659081,1
221,62,AR,46,2,72.15394685796738,0
222,12,CO,52,3,85.6640280824918,0
223,43,CO,54,3,108.38930734046774,0
224,15,MX,48,7,73.54343210829505,1
225,29,CL,56,5,200.77094217772347,0
226,48,MX,54,2,132.49815578305945,1
227,35,AR,53,2,98.76560705460368,0
228,22,MX,44,7,72.34205230838165,0
229,26,CO,41,8,34.58619705999283,0
230,43,AR,58,4,121.71366152478578,0
231,26,CO,55,4,138.18048176884216,0
232,37,CL,49,4,51.262171458884275,0
233,35,CO,46,3,197.04888999530678,0
234,27,CO,45,4,84.26107527058632,0
235,60,MX,53,6,139.96677855949747,0
236,42,CO,51,5,114.1346943470146,0
237,10,AR,46,5,40.210160015995555,0
238,37,AR,70,3,279.2941124726792,0
239,27,CL,60,6,83.14935561058142,0
240,45,AR,51,4,61.73433305698808,0
241,25,MX,37,2,116.21123163388138,0
242,33,CL,52,5,250.54024471162936,0
243,41,AR,62,7,32.6758850416678,0
244,45,MX,41,8,144.12095270349067,0
245,20,AR,45,0,69.58052882402657,0
246,30,AR,54,5,158.25713612278207,0
247,29,CO,57,4,151.11249963544745,0
248,27,AR,46,6,21.113713905491196,1
249,56,AR,45,4,66.44914993308988,1
250,39,MX,53,7,41.98239759658923,0
251,19,MX,52,2,177.52796171267386,0
252,46,CO,55,3,119.65823974595776,1
253,60,AR,53,3,188.88741221708162,1
254,47,CO,47,5,151.69375877919978,0
255,16,AR,39,6,53.403845916784086,0
256,29,CL,62,9,50.64210044410093,0
257,50,CL,39,6,108.48626564778812,0
258,26,CO,55,7,335.7385660928901,1
259,40,CO,40,2,74.03378588146147,0
260,44,CO,55,2,109.0390668070089,0
261,23,MX,45,8,146.13791862395033,0
262,34,MX,51,8,84.23891022476691,1
263,-3,MX,67,8,339.69954698341434,0
264,22,CO,50,7,64.74584566139718,0
265,31,AR,51,6,31.29792724742686,0
266,20,CL,52,2,149.5215515204644,0
267,54,CO,44,7,41.41758822235179,0
268,17,MX,46,6,67.66216702036839,1
269,29,MX,49,5,104.82587891826847,0
270,36,CO,52,6,72.446115316942,0
271,52,CO,46,4,96.75841543478614,0
272,17,MX,48,4,91.9353915204796,0
273,48,AR,54,4,286.04786399302463,0
274,35,MX,41,5,124.27908378553714,0
275,23,MX,41,4,80.24717217988581,0
276,40,CO,54,7,54.78090130277744,0
277,37,AR,50,2,56.619562284587076,0
278,27,MX,52,4,11.011676616492936,0
279,35,MX,49,1,219.4042541148449,0
280,30,CL,58,6,77.27369518366855,1
281,36,CO,40,1,132.25010626742392,0
282,42,CL,52,6,88.22190469796595,0
283,54,CL,38,6,113.07071402142961,0
284,20,MX,39,0,33.69588586582614,0
285,60,CO,51,6,158.50457432455863,0
286,11,AR,53,1,20.136445803315723,0
287,33,MX,54,4,73.21084665962445,0
288,42,AR,46,6,116.43924929667624,0
289,38,AR,52,7,123.30496351130958,0
290,27,CO,47,6,58.407940113624726,0
291,32,CL,49,3,18.488911992200517,0
292,29,CO,54,7,124.89169089636664,0
293,27,AR,47,6,58.4307428964836,1
294,45,MX,54,5,122.12616386179236,0
295,39,AR,54,7,85.7572786142651,0
296,26,MX,56,4,22.04631166406483,0
297,45,MX,48,7,146.54816997799898,0
298,38,CO,44,1,33.944855770251976,0
299,44,AR,47,2,50.17464422320656,0
300,42,CL,47,2,207.89208012440486,0
301,25,AR,42,6,85.5172715124305,0
302,28,AR,47,8,58.971311764891375,0
303,43,CL,40,6,362.9091792426605,1
304,42,CO,48,0,31.061842994698864,0
305,34,AR,53,10,185.1125702044489,0
306,36,AR,53,2,95.35376235768179,0
307,50,MX,41,5,13.149671896229979,0
308,27,AR,52,8,68.89411241077842,0
309,41,CL,48,5,268.78535622465034,0
310,32,MX,41,4,175.02746702756093,0
311,32,CO,42,3,34.57195834082155,0
312,48,MX,43,7,104.18357001313126,0
313,44,CL,51,7,79.7569710326803,0
314,44,CL,59,3,77.43461111742818,1
315,50,MX,47,3,54.819368255386024,0
316,35,CO,51,2,95.37270737139758,1
317,43,MX,51,2,47.45942735593832,0
318,31,CO,48,7,165.17895229960692,0
319,38,MX,41,4,77.04986772332721,0
320,33,CL,49,1,174.8268148959583,0
321,36,AR,56,3,52.544901844990264,0
322,42,AR,58,10,52.06028971258514,0
323,25,CO,49,3,81.14500511117504,0
324,60,CO,72,6,46.04393950689056,0
325,22,CO,55,4,75.88665640478081,0
326,20,CL,48,5,48.22997653450697,0
327,48,MX,52,3,110.87539854977987,0
328,44,CL,54,7,39.14032526426424,0
329,42,AR,38,5,152.53507405383448,0
330,42,CO,45,2,88.19063736255133,0
331,34,MX,49,6,68.25087039345075,0
332,24,AR,47,3,29.604054783658786,0
333,35,AR,52,2,25.791345384440234,1
334,26,AR,47,7,258.1289675405114,0
335,46,CL,49,6,120.22077642740608,0
336,33,CO,57,3,115.90424652890322,0
337,25,AR,52,5,49.3840164870308,0
338,31,CO,57,7,1.0,0
339,39,CL,58,4,81.1083900151931,0
340,28,AR,56,4,66.33550754959835,0
341,25,CL,48,3,30.339853889077634,0
342,37,CL,51,6,110.3710983247941,0
343,37,CO,44,4,275.0452945231788,0
344,28,AR,51,5,206.60464890941245,0
345,29,CL,36,7,158.93706832689634,0
346,37,AR,56,4,32.31956388057574,0
347,17,CO,44,3,31.35576572677565,0
348,18,CL,38,1,137.7259705701683,0
349,26,CO,42,5,94.23307025051298,0
350,32,AR,43,8,66.45847955372452,0
351,38,AR,34,5,56.15255115210783,0
352,52,CO,50,5,10.014028385205332,0
353,45,MX,47,3,129.93349755586848,0
354,33,CL,41,3,91.30599768894268,0
355,34,AR,36,6,45.24206586909413,0
356,22,AR,51,5,242.37292925872208,0
357,34,CL,60,7,33.53514061407808,0
358,31,CO,68,6,30.578643835835855,0
359,38,CO,39,8,71.78370206568113,0
360,25,CO,43,8,114.28718738132537,0
361,41,MX,53,8,202.50267799737748,0
362,53,MX,46,9,101.75283392770544,0
363,33,AR,42,5,147.4002215247973,0
364,39,CO,40,3,159.72840883734145,0
365,43,CL,44,4,169.89458155036283,0
366,30,AR,66,5,101.91069781525405,0
367,37,CL,47,6,101.81550503976385,0
368,35,AR,37,7,52.698194371192386,0
369,36,MX,54,4,78.53332192573006,0
370,25,AR,48,6,60.60255185566012,0
371,35,MX,48,13,114.64725952891708,0
372,40,AR,46,3,189.32044609348208,0
373,52,CO,52,7,60.63003018983576,0
374,46,CL,46,7,140.07152243268547,0
375,60,CO,44,2,29.35539142516259,0
376,25,AR,42,5,147.63286654311878,0
377,45,AR,54,2,40.41199769073907,0
378,37,AR,49,4,285.5625324066197,0
379,61,MX,37,3,132.3907725808507,0
380,25,CL,47,3,151.8980358028689,0
381,24,CL,59,1,180.99382334567503,0
382,27,AR,44,7,62.996011266962036,0
383,9,AR,48,4,82.29875308381168,0
384,28,MX,42,9,56.82470045673287,0
385,25,CO,46,4,56.51037698291167,0
386,36,CO,48,6,16.369272919706297,0
387,39,CL,59,3,100.08516807022237,0
388,57,MX,54,8,89.11177778368412,0
389,46,AR,48,6,13.156510158085212,0
390,28,CL,48,5,130.14264211231182,0
391,24,MX,54,3,72.08166306156862,0
392,40,CO,41,11,53.31065321150492,0
393,19,MX,43,7,101.16938004437435,0
394,56,CO,54,6,75.24951266239248,0
395,49,MX,48,6,511.00369139877466,0
396,29,CL,52,6,255.3256796015681,0
397,14,CO,42,6,170.4163991723719,0
398,51,CL,51,5,23.690132918917417,0
399,33,CL,43,8,114.32829254118879,0
400,49,CO,56,6,144.07557033345475,0
401,15,CO,45,8,228.12450791646427,0
402,27,AR,51,13,97.79634507647555,0
403,35,AR,55,4,108.70785471933007,0
404,35,AR,50,1,30.697468010559035,0
405,29,CL,45,4,26.706024985265564,0
406,42,CL,52,2,37.12209545642962,0
407,22,AR,45,7,27.10363235091706,0
408,33,CL,50,4,90.70189392701994,0
409,36,CL,55,5,77.09722052980821,0
410,41,CO,42,8,88.21084707321374,0
411,43,CO,39,6,97.893172997009,0
412,21,CL,51,5,226.60254665863508,0
413,16,AR,50,2,222.7718498890915,0
414,50,MX,43,6,120.45388969984361,0
415,38,AR,59,5,48.07048530099736,0
416,26,MX,60,6,31.898782813052723,0
417,53,AR,57,3,21.97760517910411,0
418,36,CO,51,6,119.73886105587673,0
419,49,CL,45,6,85.46411290484096,0
420,35,CL,44,4,71.3183624048686,0
421,59,CO,51,7,149.2463926334643,0
422,56,MX,48,4,84.23952738048379,0
423,32,MX,38,0,308.95635415861227,0
424,46,MX,42,9,22.441134971882875,0
425,42,CO,43,1,93.05504393179744,0
426,51,MX,48,6,15.051206169518002,1
427,23,CO,54,4,139.98180794949505,0
428,43,AR,63,5,23.028247455830623,0
429,47,AR,42,6,100.77340693598667,0
430,13,CO,49,8,46.47760071209232,0
431,20,CL,53,4,41.26738130017436,0
432,10,AR,55,5,47.86521230274924,0
433,31,MX,60,10,74.64047470877571,0
434,43,CO,44,5,27.516327254410015,0
435,53,MX,45,7,24.580464422905873,0
436,35,MX,41,6,127.21925074547993,0
437,54,CL,50,4,9.522324430637038,0
438,18,MX,44,3,101.24668981357196,0
439,14,CL,56,5,11.747258866488664,0
440,34,AR,48,4,90.37305532082962,0
441,39,CO,64,4,41.758398346297135,0
442,34,MX,56,5,143.28214102741416,0
443,10,CO,48,2,196.92305707941563,0
444,33,MX,54,7,66.26881580336764,0
445,19,CO,51,3,94.93212555956575,0
446,43,MX,50,5,174.33314829663814,0
447,39,MX,48,6,62.72332400066634,0
448,23,MX,55,8,137.68420651780718,0
449,28,MX,48,5,40.832093055737,0
450,22,MX,43,3,105.84381149043152,0
451,34,MX,61,3,106.22621436242991,0
452,46,MX,58,5,100.3304054927604,0
453,23,MX,67,7,257.65941755089995,0
454,41,MX,47,5,100.7467248007593,0
455,28,CO,50,5,98.10909677836406,0
456,25,CL,44,10,91.08007277791216,0
457,33,MX,46,2,184.67040081254382,0
458,150,CL,59,6,38.338142372914504,0
459,28,MX,41,7,215.52725072635786,0
460,20,MX,65,4,97.827657497718,0
461,58,CO,46,11,30.266249628620184,1
462,35,AR,53,5,108.09334144495686,0
463,26,AR,40,4,103.2982845190524,0
464,37,CO,46,1,21.04261030495953,0
465,33,CL,55,11,80.41430215665162,0
466,32,AR,65,3,170.58201468314968,0
467,42,CO,59,2,106.16560766285544,0
468,44,CO,54,7,14.74309801577783,0
469,28,AR,54,5,76.51008908295661,1
470,28,CL,59,1,22.37420891661807,0
471,31,CO,35,6,45.72400011818104,0
472,7,MX,49,4,155.80772835864065,0
473,16,CL,47,9,65.9260985122818,0
474,51,CL,58,4,120.67071402877221,0
475,54,AR,43,9,158.51130928633924,0
476,32,AR,50,5,213.15004518837367,0
477,41,MX,49,2,185.89139500712864,0
478,38,CO,58,8,185.58239432171536,0
479,71,AR,54,2,138.06297661818107,0
480,48,AR,47,7,207.56301279656702,0
481,33,CL,55,9,41.51133149234575,0
482,23,AR,48,3,96.21667862397683,0
483,15,AR,54,3,52.391966835063585,0
484,37,AR,45,6,9.270794600893979,0
485,25,AR,64,7,88.25395074198488,1
486,17,CL,56,2,60.99716699153501,0
487,27,MX,41,9,14.578728401364346,0
488,22,MX,47,5,125.31524187976011,0
489,55,CO,47,5,105.08543421987144,0
490,45,AR,49,3,105.8375085832464,0
491,34,CL,50,6,44.200769525753465,1
492,52,CO,44,6,31.058109370821622,0
493,35,CO,53,4,154.0713152912904,0
494,24,MX,48,6,66.33812904319065,0
495,53,CL,56,8,129.4800505900721,0
496,41,CL,57,4,123.2098733041491,0
497,22,CL,48,6,63.62621390519517,0
498,32,MX,45,4,52.77316536809574,1
499,24,MX,50,9,72.99819265006305,0
500,18,MX,49,5,199.72638281250047,0
501,46,MX,47,7,15.38694727278222,0
502,57,MX,43,2,95.92047021233968,0
503,18,AR,44,4,36.14399018520442,0
504,41,AR,55,4,57.69288375248925,0
505,27,CL,40,7,195.08922596820437,0
506,29,CO,48,3,92.13116039591989,0
507,27,CL,50,4,175.5947535572696,0
508,24,CO,47,3,126.58409847235474,0
509,35,MX,55,3,147.57425189909392,0
510,25,CO,44,2,117.92284988359454,0
511,38,CL,43,10,145.4731602932068,0
512,34,CL,48,3,132.84814342300538,0
513,32,CO,47,2,273.53321071224383,0
514,24,AR,54,6,60.17284067990373,0
515,28,MX,56,4,16.451342653304387,0
516,44,MX,59,6,152.92787731724496,1
517,41,CL,54,2,58.053386399554476,0
518,23,AR,44,4,66.06470331865337,0
519,36,CO,46,9,26.192056338136393,0
520,44,MX,44,10,215.68108516820553,0
521,14,AR,37,5,232.37366336303575,0
522,41,MX,51,2,70.60433251059807,0
523,27,AR,48,3,99.23507106366571,0
524,41,AR,59,7,48.703600970523865,0
525,25,CL,50,6,345.82481637714335,0
526,13,MX,40,4,28.840020910779735,0
527,15,CO,36,2,116.58933923488473,0
528,35,CL,46,7,84.02620612129506,0
529,38,CL,42,6,80.80524584752135,0
530,24,CO,40,7,111.60378100246065,0
531,42,CL,40,7,27.025236893289474,0
532,15,AR,61,3,289.42961334656104,0
533,34,AR,57,3,136.56233135865855,0
534,20,MX,38,4,112.10976641875648,0
535,27,MX,44,5,132.69156199471786,0
536,35,CO,42,2,80.88144058634182,0
537,24,MX,61,4,193.09598612044832,1
538,30,AR,60,7,234.1256771020827,0
539,47,CO,45,5,41.06152605937526,0
540,28,CO,47,6,107.08440930728669,1
541,45,MX,51,4,113.21739364598555,0
542,21,AR,54,9,37.08766058754835,1
543,41,CO,46,2,80.01689043057651,0
544,52,AR,57,6,280.4012672925012,0
545,5,AR,53,4,168.67338172855162,0
546,25,AR,51,3,87.92270696144216,0
547,41,MX,47,6,176.57943489981665,1
548,32,CL,32,7,157.94408931649434,0
549,39,CL,47,8,156.87729189332532,0
550,27,CO,42,9,20.98179340425125,0
551,36,AR,65,5,122.31857203391547,0
552,33,MX,56,4,59.04267924738259,1
553,49,AR,56,3,98.53401508718292,0
554,38,AR,53,7,137.3916254033127,0
555,39,MX,53,4,43.09539379353731,0
556,30,CL,37,8,47.83570711448129,0
557,29,AR,46,8,118.51313202469271,0
558,29,AR,47,1,31.596794372960126,0
559,39,CL,52,5,133.45803538214076,0
560,29,MX,47,4,239.51803208462445,0
561,38,CO,43,3,167.35487618028338,0
562,59,CL,46,2,225.33076863335378,0
563,45,CO,52,8,71.86755189017953,0
564,31,CO,47,8,121.5858956450217,0
565,49,CL,43,3,169.39719672179203,1
566,30,AR,57,4,27.669724660666496,0
567,10,CO,40,12,45.556722430508486,0
568,22,CO,47,3,112.4985689416471,0
569,12,MX,46,3,71.51370429838582,0
570,30,AR,52,4,26.734737173496192,0
571,35,CO,48,3,55.42484068480744,0
572,55,MX,41,4,65.87731304027754,0
573,38,AR,40,6,142.00882785751864,0
574,32,CL,63,4,192.95287952411962,0
575,44,CL,70,3,49.24871175308583,0
576,8,MX,55,8,63.20289748170804,0
577,37,CL,60,2,10.912838588254195,0
578,44,CO,51,3,175.06382843588406,0
579,17,AR,46,7,63.52353078789675,0
580,48,CO,56,3,47.2649410937961,0
581,39,CO,66,7,37.14160455055572,0
582,30,CL,52,5,419.8404031177644,0
583,42,CO,34,2,195.23857637872732,0
584,62,CL,49,9,54.02266970159911,0
585,37,AR,48,4,210.1301406964034,0
586,200,AR,68,3,101.53810265293386,0
587,29,CO,50,1,121.64015824160764,0
588,24,MX,61,2,82.31407287889337,0
589,44,CL,56,6,102.89275280415538,0
590,24,CL,47,10,9.398864016153167,0
591,35,CO,58,6,56.05657197187337,0
592,29,CL,53,6,42.21341275737264,0
593,40,CL,48,2,17.637588083578198,0
594,39,MX,48,4,36.60965566628433,0
595,47,MX,49,5,74.72826703657529,1
596,28,CO,47,8,232.95515648306804,0
597,31,MX,43,5,109.97303151151783,0
598,23,CO,51,3,114.68200704007356,0
599,29,AR,45,1,75.27449450394018,0
600,39,CO,50,7,180.42999987495554,0
601,44,AR,67,7,55.82496535496896,0
602,23,CO,49,4,209.10968607716663,0
603,45,CL,50,4,66.82594961122895,0
604,51,MX,44,4,81.49061093918932,1
605,39,AR,40,9,23.311853957360807,0
606,57,CO,53,1,89.7735210247363,0
607,25,MX,51,3,303.5285269238307,0
608,20,CO,55,4,202.9072016301851,0
609,13,MX,55,3,259.863301439845,0
610,52,MX,47,3,39.39128577531905,0
611,42,CO,37,8,55.2469000049025,0
612,34,AR,40,11,86.02785957079142,0
613,38,AR,57,4,254.29815522576143,0
614,21,CL,48,2,18.576823920974565,0
615,64,MX,59,3,39.943177001658626,0
616,36,CL,59,4,57.82483172439711,0
617,36,CL,56,2,45.89156381747036,0
618,43,CO,43,7,29.315286412752222,0
619,40,CO,42,2,38.27648066620829,1
620,37,CO,51,11,93.46918205003384,0
621,25,MX,43,5,51.539452386013,0
622,40,CO,32,5,182.49848532330475,0
623,57,CO,51,4,101.38155142620246,0
624,51,MX,53,4,9.337667805363775,0
625,54,MX,66,4,41.90810654307965,0
626,28,AR,63,3,29.58281557673013,1
627,23,CO,45,5,14.784500736021943,0
628,33,CO,55,9,20.597245306673653,0
629,35,CO,46,5,74.82578887786346,0
630,48,AR,51,2,196.39490154397336,0
631,14,CO,42,6,68.34766603054112,0
632,53,AR,56,7,176.74322270564107,0
633,33,CL,43,5,50.02013909478441,0
634,29,AR,53,7,85.8918859538143,1
635,22,CL,50,7,172.81074905317644,0
636,15,CO,46,8,39.066811836763435,0
637,44,CL,43,7,91.00240690640842,0
638,35,AR,43,3,259.6099938428878,0
639,19,MX,49,4,107.83837007021187,0
640,19,CL,49,4,359.5334241519048,1
641,30,CL,51,3,83.66830909529166,0
642,55,CO,63,7,102.4081592831917,0
643,31,AR,50,7,109.87796628996219,0
644,16,CL,55,3,26.693418116936453,0
645,32,CL,49,7,78.77375336059667,0
646,31,CL,62,8,36.81576278356016,0
647,2,CL,51,3,90.5426113062448,0
648,34,MX,50,4,28.1223696407194,0
649,32,AR,52,7,33.94844078825529,0
650,43,CO,50,1,108.77679543054883,0
651,57,CO,37,4,142.42853958103004,0
652,48,MX,58,2,113.32677056694442,0
653,31,AR,43,2,112.17108064247512,0
654,21,CL,56,5,155.99918385497955,0
655,65,MX,52,6,89.83820019859161,0
656,35,AR,31,5,39.4018408228357,0
657,35,CL,58,4,266.0958317865438,1
658,34,MX,33,5,54.661933575837374,0
659,37,AR,58,7,43.93282782622834,0
660,33,CO,48,4,26.988304878317187,0
661,28,CO,49,2,140.56532977147302,0
662,28,AR,51,9,51.60737424778444,0
663,34,CO,46,4,243.08672905862124,0
664,28,AR,47,3,58.17265607714227,0
665,26,CL,52,4,28.636438578705715,0
666,36,AR,45,4,71.49056833004312,0
667,31,CL,49,6,96.5748891457263,0
668,53,MX,56,4,61.22051623779464,0
669,3,AR,46,6,80.84661536667753,0
670,48,MX,35,9,158.6783611059323,0
671,49,CO,62,3,173.02601365589788,0
672,10,CL,51,3,141.84974138923957,0
673,30,AR,47,8,97.82675245044317,0
674,30,MX,51,6,62.51076233350176,0
675,18,CL,39,1,124.52747179440414,0
676,25,CL,69,7,132.4274583546541,0
677,21,CO,52,5,311.60042188221786,0
678,56,CO,51,7,155.51223622331102,0
679,46,CL,52,5,105.57940082555444,0
680,50,CL,48,2,169.4462391221671,0
681,43,AR,53,6,183.0519105745617,0
682,21,CL,53,7,172.078917850779,0
683,28,AR,46,5,18.878555178974477,0
684,40,CL,61,6,59.37395337463279,1
685,20,CO,54,5,80.1832497757761,0
686,43,AR,43,6,120.5848115451162,0
687,32,MX,49,3,30.463970611988163,0
688,30,CO,52,4,145.10726291930888,0
689,43,AR,46,5,72.30989953098467,0
690,40,AR,43,8,99.15555838342543,0
691,30,MX,43,10,66.85324493773075,0
692,48,AR,48,5,64.12641775665544,0
693,22,CL,49,3,17.612980974461077,0
694,42,MX,60,7,144.6443215795653,0
695,42,CO,51,2,26.792625534489574,0
696,31,CO,48,6,9.371852987664338,0
697,38,CL,54,6,24.205682987698964,0
698,19,CO,64,6,12.86477642425451,0
699,46,AR,46,5,277.9834503275936,0
700,32,AR,43,0,58.55747406838784,0
701,28,CL,55,6,201.15923300559822,1
702,47,CO,48,4,49.105458675637344,0
703,26,CO,53,6,123.108158353098,1
704,18,CL,57,3,189.03631493543514,0
705,16,MX,59,6,92.79661204433181,0
706,42,CO,65,3,152.73367285006898,1
707,19,MX,46,5,129.388929385276,1
708,56,CO,48,2,250.30397008220504,0
709,10,CO,49,4,207.48224534110227,0
710,55,CO,44,7,104.46573669428285,0
711,37,CO,46,6,158.64541167266796,0
712,33,AR,42,7,39.03685565973943,0
713,28,MX,48,6,49.033313701932215,0
714,39,MX,52,2,159.09023904353091,0
715,34,CO,42,0,213.8509251785294,0
716,48,CO,53,4,92.59771785402792,1
717,36,MX,54,5,151.76607356513446,0
718,36,AR,50,2,96.08162181297853,0
719,30,CL,54,3,266.76637567269717,0
720,34,CL,50,6,235.07135254795958,1
721,38,MX,55,9,128.7634550998314,0
722,14,CO,49,6,240.80372197164053,1
723,18,CO,48,4,54.483694935270385,0
724,43,AR,54,2,71.91291267049782,0
725,37,CL,59,6,17.5883075418271,0
726,32,AR,37,7,46.672429796667046,0
727,35,CL,48,2,37.175369782812076,0
728,39,MX,43,6,31.397545925030286,0
729,28,CL,51,8,343.2351790000075,0
730,25,AR,45,4,180.0657855364605,0
731,37,AR,59,6,162.68841562132184,0
732,23,AR,43,6,55.25856875467624,0
733,39,MX,46,1,39.3748941141686,0
734,14,CL,49,7,39.18515095210853,0
735,47,CL,42,6,13.760470337646508,1
736,40,AR,64,5,141.54990749997384,0
737,38,CL,49,3,64.92865535067331,0
738,46,CO,39,7,29.175958676630465,0
739,54,CO,45,4,42.529396083788114,0
740,47,CO,32,2,82.17197531555549,0
741,12,CL,56,7,154.74936461838558,0
742,19,MX,49,5,62.145493082903826,0
743,27,MX,48,8,208.94580273137305,0
744,35,MX,56,7,232.56330503983475,0
745,41,MX,49,5,244.50925422108787,0
746,26,CO,49,4,66.68562473683959,0
747,37,CO,46,3,99.22937314444617,0
748,25,AR,50,9,50.541632255220925,0
749,27,CL,41,4,72.8533939205933,0
750,18,CL,45,8,58.551063799653804,0
751,23,MX,35,4,30.577739205506298,0
752,18,CO,38,2,92.47276109167673,0
753,23,MX,49,2,79.8983660114045,1
754,47,AR,45,5,137.65283772973385,0
755,23,CL,38,8,140.07001967263096,0
756,66,CL,46,5,83.38631588974049,0
757,40,MX,61,6,124.98262941587012,0
758,37,AR,39,3,73.20522434086794,0
759,24,CL,68,5,41.081418104015995,1
760,43,AR,49,8,33.883912537070984,0
761,28,AR,45,4,47.32232175821646,0
762,36,MX,51,5,84.48000307214384,0
763,65,CO,59,1,149.95903149696943,0
764,33,MX,52,5,23.86689497488496,0
765,48,CO,51,6,35.73037414844182,0
766,26,AR,52,3,313.3434395381342,0
767,34,CO,56,6,44.23870531060709,0
768,56,AR,48,5,223.54721112614305,0
769,27,CL,49,5,44.58573471880814,0
770,56,CL,50,6,40.21739332473239,0
771,43,CL,52,6,233.44075806715506,1
772,28,MX,57,7,20.896345713998542,0
773,42,MX,44,6,90.30897200413736,0
774,46,AR,45,5,29.81468624992491,0
775,42,CL,53,6,65.67474743003481,0
776,16,MX,49,6,18.15727110489047,0
777,26,CL,51,5,79.5146867271374,0
778,32,MX,41,10,22.123605795371592,0
779,34,CO,59,4,190.1523688971045,0
780,42,CO,55,8,7.861304237021856,0
781,37,CL,39,6,66.37111850875809,0
782,18,AR,48,4,25.980161874293543,1
783,39,MX,67,5,13.92514761453511,0
784,42,MX,47,4,31.531495893987316,0
785,41,CO,46,6,148.0530044320169,1
786,47,CO,54,2,38.974527929738244,0
787,45,AR,55,2,43.295161749868356,0
788,40,AR,34,9,228.84926725848027,0
789,34,AR,47,1,21.780476798544154,0
790,15,CL,50,3,117.06152249024402,0
791,40,CO,43,4,164.79379924244583,0
792,37,CL,49,3,126.49414923650721,0
793,38,CO,54,2,15.969133688878365,0
794,19,CO,52,6,41.306463253667374,0
795,22,MX,54,2,59.37870697310568,0
796,47,CO,52,7,154.53109145059162,0
797,34,CO,43,10,159.6919971597616,0
798,43,CL,49,1,20.596063742715284,0
799,35,CO,37,2,195.04956189484102,0
800,35,CL,47,4,113.69031966204206,0
801,46,AR,51,4,6.33526268550815,0
802,28,CO,45,8,30.236208171596886,0
803,36,CO,43,6,55.64146871801604,0
804,29,CL,54,2,148.77901266031668,0
805,29,AR,47,6,103.28022455707419,0
806,31,MX,57,8,114.88203552528147,0
807,37,AR,37,8,57.71534777826258,0
808,29,CL,45,2,160.83937492182892,0
809,50,AR,58,5,136.78658375997767,0
810,24,CL,54,4,102.22599647040163,0
811,32,CL,36,3,99.98375379381416,0
812,29,MX,46,8,91.27609008395548,0
813,52,CO,56,3,56.23602799586364,0
814,37,CL,57,7,39.32498416964513,0
815,47,CL,49,2,68.11521053315776,0
816,17,MX,44,1,28.729954325325064,0
817,38,CL,52,5,104.12646479166163,0
818,45,CO,42,4,1.0,0
819,35,MX,51,4,134.99231706369346,0
820,47,CO,49,4,152.40893894320894,0
821,28,CO,52,3,129.82604133339353,0
822,51,MX,51,0,204.23742372905957,0
823,62,CL,50,2,200.34923738728435,0
824,30,CO,44,3,78.82410078541632,0
825,29,CO,46,4,138.4505848978143,0
826,52,CO,50,2,115.65368164440257,0
827,53,CO,45,6,82.90928819582449,0
828,28,MX,59,5,190.65388006473648,0
829,29,MX,39,1,118.6688894939596,0
830,31,AR,57,8,47.685251458434564,0
831,18,AR,40,6,56.28765654806087,0
832,23,CO,58,1,142.01975293702162,1
833,22,CL,53,9,44.23810474473619,0
834,25,CO,51,3,214.97792982172038,1
835,34,CL,53,9,38.52301926162697,0
836,37,CO,49,4,279.9733268430964,0
837,53,AR,51,3,107.6729650657263,0
838,23,AR,54,7,83.98078711475712,0
839,46,CL,42,5,280.7526469424848,0
840,32,CO,51,6,40.63735344830884,0
841,34,CL,40,3,170.74102324897063,1
842,43,AR,59,7,274.2816796922364,0
843,21,CO,53,5,61.59865579705208,0
844,39,CO,40,8,83.44437167056498,0
845,36,CL,45,7,64.17943379626571,0
846,40,MX,45,3,26.99260553520979,0
847,38,CL,65,5,65.67827591146221,0
848,64,AR,58,9,156.83430196365643,0
849,27,AR,40,5,25.79739223776815,0
850,28,AR,45,6,148.09284007152672,0
851,27,AR,45,4,14.351270189754839,0
852,28,AR,63,6,56.42848362781171,0
853,27,MX,54,6,99.4128567724761,0
854,49,CO,75,5,111.9288532160197,0
855,52,CL,57,6,156.11128389213613,0
856,28,CL,53,4,144.61999383084446,0
857,25,AR,61,4,181.14815521642055,0
858,40,CL,32,7,52.15121568853588,0
859,28,AR,58,7,86.82325413663217,0
860,42,MX,49,5,121.8123007197541,0
861,37,MX,48,3,62.62062198420375,0
862,16,CO,63,3,25.409652337059878,0
863,53,MX,46,3,69.14008360183132,0
864,56,MX,47,2,124.51405711811823,0
865,27,CO,47,6,31.70231204571093,0
866,30,CL,50000,3,215.9279946668675,0
867,38,AR,45,3,157.984179927497,0
868,39,AR,40,11,70.59733858285894,0
869,42,CL,49,4,32.79414954916345,0
870,59,CO,37,10,109.55004222378386,0
871,32,CL,57,8,42.87289228337192,0
872,25,MX,48,3,33.095791210302316,0
873,18,CO,60,7,41.72719742192471,0
874,26,CO,51,5,90.03483618853846,1
875,34,CO,57,3,127.35742482469779,0
876,56,AR,49,5,90.10653883814386,0
877,28,CL,51,6,156.60568140773552,0
878,37,CO,56,5,281.40558424180637,0
879,34,CO,43,5,95.04388084933291,0
880,49,CO,43,2,122.4240631358144,0
881,65,CL,52,6,92.17624245866759,0
882,28,AR,51,5,52.93196932639507,0
883,29,MX,46,4,105.28085375985468,0
884,47,AR,52,7,10.837278944111956,0
885,43,CO,53,5,74.58466031342425,0
886,57,AR,55,6,78.99325931457659,0
887,42,AR,43,6,101.18263095890477,0
888,30,MX,40,6,160.98961298124448,0
889,42,CL,54,3,114.62577645489273,0
890,48,CL,43,5,100.98635524634028,0
891,44,AR,57,4,39.95322994511954,0
892,41,AR,52,8,163.61119348162813,0
893,47,CL,54,3,113.38284925720912,0
894,49,CL,58,2,123.54234275239344,0
895,51,MX,53,1,95.53632559827756,0
896,42,CO,67,7,121.24771504649952,0
897,32,AR,52,3,116.69476391842035,0
898,36,CL,55,2,117.65742810217796,0
899,49,AR,44,4,78.29745520793756,0
900,25,AR,62,6,99.09092991654424,0
901,39,CL,41,2,122.31217025666648,0
902,30,MX,50,7,110.14594006343223,0
903,35,AR,41,4,31.9183078083413,0
904,50,MX,44,10,44.39424520523348,0
905,37,CL,54,8,125.81983837987924,0
906,35,CO,56,6,34.418573752378414,0
907,18,CO,49,7,88.79175065120198,0
908,43,AR,45,3,1.0,0
909,42,CL,51,4,156.95266797928682,0
910,60,MX,62,8,133.1904604692287,0
911,31,AR,60,5,137.21006991527466,0
912,37,CL,53,4,60.22028507125876,0
913,37,CL,49,4,137.74302588261173,1
914,53,MX,54,5,112.25772639816964,0
915,33,AR,43,5,41.557595616247006,0
916,38,CL,39,4,12.996756315407417,0
917,42,CL,39,3,64.86407460435179,0
918,37,CL,57,6,151.39755024808827,0
919,29,MX,41,8,50.03057760790317,1
920,37,AR,43,5,123.12308752804138,0
921,47,AR,57,5,78.49468375515688,0
922,22,AR,53,3,194.07765241104548,0
923,36,AR,54,5,47.32953189415076,0
924,26,CO,53,5,136.14437668713109,0
925,49,CO,60,10,64.70050891371027,0
926,16,AR,42,4,52.99661817426242,0
927,28,MX,44,4,97.84041020417244,0
928,39,CO,40,9,51.70658462454769,0
929,53,CL,61,5,46.935636233576616,0
930,34,CO,53,4,123.80804431861468,0
931,28,CL,49,2,225.6935574579518,0
932,57,AR,64,4,224.74611339875148,0
933,17,CO,59,4,120.49940736639928,0
934,8,MX,44,5,100.09712655158451,0
935,40,CO,45,2,69.2259999734589,0
936,28,CO,53,8,19.599838377849895,0
937,22,CO,45,3,289.7940141872092,0
938,43,AR,53,5,46.953648466062965,1
939,37,MX,57,4,234.02550284193637,0
940,28,CO,53,5,57.64176700293457,0
941,19,MX,52,7,34.92291923783338,0
942,45,AR,45,6,290.7706188621021,0
943,42,CL,45,7,165.65715104134796,0
944,33,CO,50,3,91.5320540638782,0
945,57,MX,69,8,62.26082112935758,0
946,22,MX,46,3,25.925121203306066,0
947,16,AR,45,6,157.63936869346833,0
948,26,CO,47,6,68.17082117419857,0
949,34,CL,47,6,275.3387530504048,0
950,37,MX,53,3,68.8839680224151,0
951,32,CO,57,1,93.83598078654026,0
952,39,CL,37,6,26.84073699955129,0
953,19,MX,40,5,186.65937479789042,0
954,52,MX,63,2,83.16749492731405,0
955,34,CL,58,4,112.78971442139661,0
956,48,CL,54,10,85.97106495871887,0
957,39,AR,42,3,18.66914563587965,0
958,40,CO,53,11,126.24404352780533,0
959,41,CO,47,2,147.439166824322,0
960,40,AR,57,3,112.76508253399311,0
961,42,MX,57,3,211.6861150113591,0
962,50,CL,60,2,84.5071496574958,0
963,37,CL,52,3,20.394273408286992,0
964,43,CL,48,6,83.37380170337786,0
965,33,MX,39,6,79.37736276390686,0
966,52,CL,59,7,115.26486259185124,0
967,26,CL,43,3,36.854969865876846,0
968,56,AR,46,5,328.32671568052086,0
969,34,MX,58,2,88.14034113725549,0
970,17,CO,48,5,72.14708487089628,0
971,36,AR,41,4,124.24219821548192,0
972,26,AR,49,1,59.95723873004223,0
973,45,CO,55,3,41.95366388008572,1
974,27,AR,55,3,20.741619661464092,0
975,29,MX,57,8,101.1710736992075,0
976,12,CL,43,10,134.5477361882631,0
977,29,MX,53,4,29.312240881024405,0
978,5,CO,48,5,249.18548954846452,0
979,15,CO,59,6,45.29935458772096,1
980,44,AR,49,3,62.76225848888676,0
981,44,MX,43,11,248.15641131929488,0
982,40,MX,50,5,90.13619782863678,0
983,23,CO,51,5,136.64824417472562,1
984,34,MX,57,3,42.5514238736594,0
985,34,CO,55,7,97.00632997001752,0
986,21,MX,50,2,79.17243963800831,0
987,53,MX,49,5,9.194451051927876,0
988,45,MX,62,4,204.0223713030696,0
989,32,CO,66,6,160.0440096606198,0
990,35,AR,53,4,27.75372867921883,0
991,37,MX,41,5,106.24546357789966,0
992,10,CO,39,3,62.79046709217951,0
993,32,CO,49,5,76.79983626770486,0
994,26,MX,44,6,157.69677585332676,0
995,22,MX,48,3,73.21878334136687,0
996,31,AR,54,7,108.19473706445828,0
997,56,CO,50,4,122.91761535346642,0
998,42,CO,45,2,73.18014502180222,0
999,28,CL,42,12,135.49693917774323,0
1000,41,CO,44,4,156.32417394860255,1
1001,51,AR,56,2,167.56090919372727,0
1002,46,CL,52,7,8.230672981259893,0
1003,35,CL,38,1,41.790392457165034,0
1004,27,CL,48,0,44.957767810035406,0
1005,43,MX,54,3,74.80804367031585,0
1006,39,MX,44,10,69.60484982859053,1
1007,45,CO,48,2,208.82429636294682,0
1008,42,CL,70,9,13.451286324827988,0
1009,47,AR,47,3,194.77231235533083,0
1010,28,MX,54,6,34.37466067449557,0
1011,50,AR,41,5,68.29111865109935,1
1012,37,AR,57,3,54.752100964873826,0
1013,59,MX,46,8,75.20482462638604,0
1014,26,MX,56,4,27.20429064973116,0
1015,55,MX,48,5,86.70222441065366,0
1016,37,MX,48,4,57.81097446667939,0
1017,27,CL,50,4,110.5073022043176,1
1018,29,CL,61,3,148.4830009911476,0
1019,31,CL,64,5,52.011027775198784,0
1020,40,CL,57,3,347.3352863878029,0
1021,41,CO,34,7,51.49424871291125,1
1022,28,CL,51,2,20.68546350406489,0
1023,34,MX,53,7,171.53595085764766,0
1024,60,AR,68,4,148.9702902279412,0
1025,55,CL,41,3,204.7088426072152,0
1026,40,CO,51,3,142.54026510041692,0
1027,35,MX,53,8,70.50872417060913,0
1028,36,AR,49,10,84.36438909134502,0
1029,42,AR,37,5,16.334043611680723,0
1030,22,CL,50,8,161.93410438092553,0
1031,31,AR,50,1,61.1566081122693,0
1032,14,CL,53,6,229.44498530243825,1
1033,39,CL,59,2,64.54486562112254,0
1034,42,MX,50,4,66.14171816377306,0
1035,29,MX,53,4,55.77167716246709,0
1036,53,CO,49,8,143.92088924742916,0
1037,20,MX,41,7,23.360885678446046,0
1038,17,MX,51,4,-50.0,0
1039,37,CL,48,7,233.50029050139037,0
1040,47,MX,59,5,76.66768176818017,0
1041,55,CL,39,7,155.41472790661672,0
1042,29,CL,59,3,88.6065337667779,0
1043,47,MX,55,4,210.49459229050916,0
1044,34,CO,53,8,100.11674851718288,0
1045,32,CO,56,7,496.6404328741087,1
1046,45,AR,53,2,68.69964046706168,0
1047,42,AR,41,2,210.86717195282122,0
1048,16,MX,52,6,10.951688624990664,0
1049,52,CO,48,8,84.98633305764616,0
1050,51,CL,54,4,28.566764012353385,0
1051,27,AR,39,6,148.45590473939626,0
1052,39,CL,50,8,243.22840359121193,0
1053,40,AR,51,6,93.86705242772263,0
1054,38,MX,58,4,125.99985978806953,0
1055,28,CO,49,6,150.01891208769277,0
1056,26,AR,58,6,138.46767163674454,0
1057,34,CO,48,4,46.29126576313535,0
1058,49,CL,50,4,101.81951635148745,0
1059,41,MX,44,5,124.89208083500233,0
1060,30,CO,50,9,32.13062999718917,0
1061,44,MX,40,5,106.06382064004916,0
1062,0,CO,66,6,160.49994991611135,1
1063,48,CL,42,9,134.31726610308027,0
1064,14,CL,46,3,57.03594889512912,0
1065,30,MX,46,10,253.7104304935162,0
1066,21,CL,51,7,117.82966546031612,1
1067,19,AR,49,6,16.574453703394312,0
1068,48,CO,47,5,190.23820256591756,0
1069,29,CL,44,5,52.22613731417336,0
1070,39,AR,56,9,59.106185455869046,0
1071,34,MX,54,7,54.99734972420003,0
1072,40,AR,48,7,35.6316320832135,0
1073,35,MX,47,5,229.52304029432398,0
1074,19,MX,43,2,102.51098977806497,0
1075,46,CO,43,5,72.23218520654765,0
1076,29,CO,47,4,32.52804082275317,0
1077,16,AR,46,7,174.49976096677076,0
1078,29,CO,40,3,158.45381015548458,0
1079,53,CO,50,3,175.01955543119655,0
1080,45,CO,62,6,160.3608716285265,0
1081,30,AR,45,3,93.85546110658754,0
1082,30,CL,45,5,122.6884630764926,0
1083,31,CO,34,3,201.1093853951623,0
1084,59,CO,57,8,162.85495500334025,1
1085,39,AR,50,3,140.21536389457174,0
1086,40,CL,41,7,167.1067658957308,0
1087,47,CO,47,5,41.892062829765706,0
1088,37,MX,51,6,39.74306042636391,0
1089,31,AR,48,4,103.64538213425432,0
1090,32,CO,53,6,53.726777843618514,0
1091,34,CO,49,7,177.82355766629664,0
1092,34,MX,40,10,73.57375425948092,0
1093,43,MX,56,7,44.8461737592426,0
1094,35,AR,50,6,247.9362203492399,0
1095,43,AR,52,4,40.61881677402953,0
1096,34,MX,34,6,76.27307930942445,0
1097,35,AR,43,2,135.55646090695436,0
1098,11,MX,55,2,31.79675045834132,0
1099,45,CO,41,3,28.286745709408912,0
1100,39,MX,42,9,308.0337431505437,0
1101,46,MX,44,4,80.19930966297206,0
1102,0,CL,45,7,94.09301338306318,0
1103,60,MX,35,8,128.00932293618737,0
1104,33,MX,35,6,65.92429985188713,0
1105,48,CL,50,3,98.88261445533557,0
1106,22,AR,51,6,15.090701421599825,0
1107,42,CL,43,3,139.46075414872058,0
1108,22,CO,52,7,108.49175212173934,1
1109,27,CL,56,6,161.8708687412835,0
1110,57,CO,41,2,62.84275924816364,0
1111,32,AR,54,1,172.62965270725195,0
1112,37,CL,54,2,23.990275361693588,0
1113,45,CL,44,5,35.023798213331546,1
1114,40,AR,43,4,66.68821883277651,0
1115,36,CO,54,5,74.8225376580844,0
1116,39,CL,62,8,89.55728148473295,0
1117,63,CO,39,4,118.67587064989745,0
1118,34,CL,45,6,27.86372067343198,0
1119,37,MX,48,3,117.80409276883339,0
1120,47,CL,50,4,137.37528358333208,0
1121,48,AR,48,8,161.54138565487315,0
1122,49,AR,56,5,33.27950533705863,0
1123,42,CO,42,7,47.954647117171476,0
1124,21,CL,47,2,144.4911427846939,0
1125,54,CO,57,5,71.28502112406838,0
1126,21,CO,43,10,94.67407229622819,0
1127,38,MX,39,4,65.28678857276977,0
1128,25,MX,56,5,41.9604708887845,0
1129,34,AR,52,3,111.3589949663609,1
1130,38,CO,51,3,124.94102402327553,0
1131,38,AR,47,8,51.0073281343673,0
1132,40,CL,53,3,39.859677691020615,0
1133,54,CO,62,7,66.52191335808509,0
1134,40,CO,51,8,52.22080871956365,0
1135,32,CL,56,4,12.23313178484142,0
1136,46,CL,42,5,99.09086604673745,0
1137,49,AR,55,6,146.28979069684254,0
1138,20,AR,49,1,46.017545676563465,0
1139,42,CL,46,2,197.08064728116875,0
1140,43,AR,48,3,149.75057326180732,0
1141,31,CL,52,4,52.19097690072335,0
1142,51,CO,58,4,24.50160843522736,0
1143,33,CO,58,4,60.75840566235902,0
1144,36,MX,46,3,55.01248016148046,1
1145,32,CO,47,5,44.3161173826931,0
1146,35,CL,36,5,73.711071967615,0
1147,21,AR,52,2,40.07321992997455,0
1148,17,MX,45,6,93.52172995332842,1
1149,54,AR,58,3,132.38770337645727,0
1150,24,CL,58,4,36.19967656470854,0
1151,23,CO,56,3,68.50420002843516,0
1152,9,MX,43,6,9.157365452438253,0
1153,27,CL,59,4,90.39977865887052,0
1154,19,MX,41,1,96.04846066026437,0
1155,54,MX,66,9,41.34958426055905,0
1156,47,CO,47,7,113.73362275672734,0
1157,26,CL,55,5,20.855864531520023,0
1158,62,AR,56,4,107.26051913351502,0
1159,46,MX,50,2,9.67427892063382,1
1160,31,MX,47,4,125.91368214158034,0
1161,5,AR,47,5,93.36496378180912,0
1162,62,CL,50,4,29.059332035538894,0
1163,18,MX,47,6,113.32117411458466,0
1164,15,MX,54,3,39.243152150360885,0
1165,47,MX,55,7,83.12456879946772,0
1166,64,CL,53,5,234.3956257360019,0
1167,51,CL,52,6,216.20153704756356,0
1168,41,AR,51,7,121.29936600835822,0
1169,42,CL,38,2,184.922258770357,0
1170,45,CL,66,6,11.28129897273677,0
1171,44,CO,49,4,184.09266796507276,0
1172,38,AR,51,6,65.03217427923234,0
1173,36,MX,44,3,81.54202178313209,0
1174,34,CL,42,6,61.20342598159891,1
1175,25,MX,49,8,79.14034760636203,0
1176,31,MX,44,3,56.78373653720152,0
1177,14,CO,53,7,290.20577056928363,0
1178,33,CL,48,15,56.48797025294419,0
1179,23,AR,52,7,63.9668023755945,0
1180,21,CL,51,6,31.001093244430507,0
1181,37,MX,65,3,134.97912094692688,0
1182,51,AR,36,2,154.82542822262639,1
1183,46,CL,44,5,115.50342549052522,0
1184,16,MX,49,6,62.95815473545242,1
1185,23,MX,47,6,87.89551727952515,0
1186,46,CO,50,4,41.63707742932106,0
1187,23,CO,53,1,191.408047568641,0
1188,32,CO,43,6,133.53078908838813,0
1189,41,MX,55,8,45.748163056956514,0
1190,23,CL,52,2,67.80505618149883,0
1191,36,CO,49,2,51.05164221123534,0
1192,18,CL,51,2,60.374964844182244,0
1193,27,CO,45,5,24.03675073518186,0
1194,38,AR,38,7,97.26150176187491,1
1195,15,AR,55,7,66.80587028511235,0
1196,40,CO,50,9,116.60704879061818,0
1197,34,MX,49,4,20.782426854138215,0
1198,41,CO,54,7,110.62341677124753,1
1199,37,CO,46,5,202.05637353550395,0
1200,51,MX,50,7,120.77688329918277,0
1201,36,AR,34,7,252.87393079323243,0
1202,29,CL,59,3,49.96463732897754,0
1203,36,CO,43,5,7.7965122271061436,0
1204,41,MX,48,5,68.02702197125808,0
1205,35,CO,56,5,166.88660042072135,0
1206,35,MX,35,5,49.511771694976595,0
1207,26,CL,49,8,94.73690963125664,0
1208,27,CL,65,2,128.27828635862446,0
1209,18,AR,45,6,197.9487355490262,1
1210,55,MX,60,6,128.58845667192645,0
1211,20,MX,56,6,126.82892403028059,0
1212,26,AR,51,1,119.08111374841886,0
1213,26,AR,40,10,173.62032708913304,0
1214,45,MX,45,5,38.49095270195375,0
1215,31,AR,55,3,28.429297869109842,0
1216,49,CL,52,0,65.95269233662417,0
1217,26,CO,36,7,170.97560731070942,0
1218,38,CL,48,4,108.41674380599736,0
1219,24,AR,61,6,245.5523481890427,0
1220,60,MX,52,4,65.40241072388942,0
1221,20,MX,32,2,53.76788038055058,0
1222,38,CL,45,4,21.7676868058539,0
1223,42,MX,66,9,138.89105526319202,0
1224,39,AR,57,4,220.04772658689515,0
1225,32,CL,51,5,141.19997623910655,0
1226,33,MX,63,8,80.82473354868964,1
1227,35,CO,53,2,38.61300469477791,0
1228,33,CO,50,2,139.5444133346107,1
1229,46,AR,51,5,39.2925413326232,0
1230,61,MX,52,4,114.57671532901972,0
1231,28,AR,53,8,83.11269399096945,0
1232,18,CL,43,6,9.182719105208502,0
1233,33,CO,66,9,71.72538729395637,0
1234,65,CL,48,7,83.01734459696294,0
1235,25,MX,52,2,46.18394650142053,0
1236,54,AR,48,8,67.10322855388533,0
1237,55,AR,70,3,76.49471689794403,0
1238,28,AR,47,5,137.45194448811353,0
1239,41,CL,44,4,94.10301115170635,0
1240,54,CO,43,5,43.333912157100734,0
1241,30,CL,49,4,185.42406923850828,0
1242,32,CL,38,8,54.75435475591792,0
1243,28,MX,59,0,54.71860218991953,0
1244,22,MX,58,7,245.92672131535974,0
1245,27,MX,50,4,91.08943701605713,0
1246,20,CO,58,5,155.5466609424261,1
1247,35,CO,44,2,80.984183168302,0
1248,25,MX,57,3,42.78267859213531,0
1249,37,MX,47,3,77.09258065603723,0
1250,16,CO,51,1,77.2293267085079,0
1251,38,AR,63,3,34.36730653835781,0
1252,45,CO,37,4,64.55480740631431,0
1253,11,CO,49,4,56.83133107991799,0
1254,39,CO,43,7,85.4231414961314,0
1255,49,MX,70,9,174.34036846751832,0
1256,20,AR,50,1,61.88885568563391,0
1257,55,CO,51,3,103.91865627214689,0
1258,40,MX,41,5,124.98491505275298,0
1259,26,CL,46,1,222.9885751587701,0
1260,34,CL,52,3,95.88235761633631,0
1261,41,CO,56,5,79.09789991916136,1
1262,35,CL,47,7,34.057993322553706,0
1263,41,AR,44,4,97.89022603654757,0
1264,23,CL,43,6,172.12230618113455,0
1265,37,CL,42,4,68.92951315330815,0
1266,18,AR,54,3,328.06474502651923,0
1267,33,CO,48,5,69.4894496802656,0
1268,24,CO,51,4,55.62624385224032,0
1269,26,AR,38,4,67.32930450286695,0
1270,49,AR,38,4,86.01090978512929,0
1271,48,AR,62,5,90.9186450673403,0
1272,42,CL,47,4,78.08426325850219,0
1273,21,AR,55,8,27.300489310714244,0
1274,31,MX,54,3,53.17081196674545,0
1275,49,CL,49,5,103.65122265328945,0
1276,36,CO,43,4,97.44125213746474,0
1277,62,CO,49,3,118.73570741367898,0
1278,39,CO,48,5,152.45000789795483,0
1279,37,CL,55,5,19.645322929338597,0
1280,31,MX,40,5,43.150995237601116,0
1281,36,AR,62,2,111.16667566141199,0
1282,33,AR,51,4,186.13059957966783,0
1283,43,CO,47,4,216.85767685511195,0
1284,46,CO,50,7,176.12038254263746,0
1285,25,CL,41,2,153.03461896504487,0
1286,19,MX,64,3,76.85281686030852,0
1287,12,AR,59,4,122.99129236827675,0
1288,41,CL,44,5,46.640601067607314,0
1289,21,AR,39,7,84.50034103796081,0
1290,9,CO,43,5,134.7755309483255,0
1291,39,AR,50,3,133.48671693334612,0
1292,64,MX,40,2,43.784000496111446,0
1293,34,MX,50,5,31.12638849008419,0
1294,45,CO,57,7,11.252511379147501,0
1295,35,MX,57,5,270.492803908991,0
1296,33,MX,51,5,18.80887891457639,0
1297,46,CL,48,7,110.70346067541328,0
1298,31,AR,53,7,67.60175054624544,0
1299,38,CO,53,10,87.33971123955719,0
1300,38,CO,61,4,42.15124786439754,0
1301,26,CO,38,4,118.3823690974906,0
1302,46,CO,56,0,116.8526776741718,0
1303,32,CO,50,3,216.50481420962078,1
1304,25,MX,45,3,146.9294255079737,0
1305,41,CL,54,2,89.27068471057069,0
1306,24,CO,46,9,82.82005697151446,0
1307,35,CL,44,8,105.2452729083874,0
1308,34,CL,44,8,156.28862901134235,0
1309,48,MX,41,4,36.3032235311477,0
1310,40,CO,51,10,47.066198029769666,0
1311,34,MX,47,3,18.158778126322822,0
1312,44,CO,60,2,72.34205739961838,0
1313,51,MX,46,2,25.938335663991836,0
1314,41,CL,42,2,88.08121223796131,0
1315,35,CO,47,6,202.32173368644172,0
1316,19,AR,44,2,49.13018720888754,0
1317,22,CL,41,9,169.01353236906374,1
1318,31,AR,53,8,134.9177633956357,1
1319,27,CL,51,4,67.6157281801201,0
1320,32,MX,53,4,144.88418967253367,0
1321,35,CO,59,3,115.73990197868247,0
1322,41,CL,54,9,9.10365438580373,0
1323,34,MX,47,10,219.479118114507,0
1324,40,CO,51,5,128.32685496948434,0
1325,35,CO,57,5,125.92880515504893,0
1326,11,CL,54,9,34.86004894519096,0
1327,23,CO,51,2,87.76947629243715,0
1328,33,CL,53,5,238.2647644295914,0
1329,20,CO,57,5,82.03907084790816,0
1330,42,AR,51,8,40.6245189028217,0
1331,53,MX,47,6,111.28762967830646,0
1332,49,AR,49,6,96.79072950129324,0
1333,32,CL,63,7,87.5124461762597,0
1334,52,AR,53,5,92.35213308112591,0
1335,36,CL,39,5,92.10044851189801,0
1336,30,CO,54,7,190.5365572084482,0
1337,27,CO,59,4,62.06696583000858,0
1338,31,CL,38,4,188.99428868361989,0
1339,30,AR,44,6,32.14075557243402,1
1340,37,CO,56,6,135.0164370145285,0
1341,36,MX,58,4,128.5053004113054,0
1342,35,CO,52,3,50.74224529316454,1
1343,40,MX,46,3,51.0607523982404,0
1344,49,AR,49,10,154.8174629084643,0
1345,46,MX,63,6,66.68280407523676,0
1346,17,MX,42,6,153.5677573196414,0
1347,4,MX,65,4,105.92288182490135,0
1348,46,MX,42,1,60.02724049233363,0
1349,18,CO,51,5,144.1251871771362,0
1350,32,MX,54,7,252.18444548200432,0
1351,20,CO,45,4,231.56017663791656,0
1352,13,MX,46,3,57.06630672626068,0
1353,41,CL,58,5,14.586613264194446,0
1354,44,AR,45,7,195.53472366205568,0
1355,28,MX,42,9,136.9275284045229,0
1356,3,CL,60,2,103.27770958413483,0
1357,28,MX,40,6,80.71998204768512,0
1358,39,MX,53,2,202.5558278847614,1
1359,17,MX,48,3,92.92337147929564,0
1360,37,CL,55,5,92.87452754727981,0
1361,34,AR,47,3,101.55453758466832,0
1362,41,CL,50,4,126.31799274398297,0
1363,36,AR,64,5,263.3972267245087,1
1364,23,MX,58,4,82.09786993865694,0
1365,49,CO,58,5,5.419981775208242,0
1366,33,MX,48,2,395.9516570037333,0
1367,34,AR,49,4,101.15576533371429,0
1368,23,CL,68,5,79.34949188692046,0
1369,29,MX,39,6,159.5395673035195,0
1370,24,CL,35,10,374.20447505020576,0
1371,32,CL,44,5,46.506844297171526,0
1372,55,CL,49,6,42.801920793573366,0
1373,18,MX,55,7,43.19012484714847,1
1374,15,CL,46,4,156.7109051462535,0
1375,52,CL,56,7,107.47607205578862,0
1376,32,MX,49,6,184.8071930538999,0
1377,26,CL,59,2,72.82753269770913,0
1378,47,MX,50,3,57.38993881778558,0
1379,27,AR,43,4,53.982733438264695,0
1380,56,AR,43,4,54.6589247566347,0
1381,43,AR,54,5,63.78572969199533,1
1382,29,CL,63,7,170.3138127031877,0
1383,60,CO,50,3,94.79522176394323,1
1384,27,CO,61,3,87.3441901837581,0
1385,43,CL,47,6,32.59196575371041,1
1386,38,CO,62,3,37.35940282612286,0
1387,50,MX,40,9,138.09045730204338,0
1388,53,CO,61,7,78.52026378389719,0
1389,35,CL,48,5,247.80885478978445,0
1390,25,CL,52,6,28.57078956056116,0
1391,40,MX,61,6,295.4217059802747,0
1392,26,AR,53,3,31.533823467129285,0
1393,59,CL,61,8,111.76865849093434,0
1394,36,MX,67,10,8.487829779636002,0
1395,30,CO,51,6,83.93647238487462,0
1396,37,CO,48,7,43.886580810664796,1
1397,18,MX,50,2,80.41108275880684,0
1398,23,MX,52,5,79.31404969492435,0
1399,49,CL,59,8,32.729978785395666,0
1400,27,CO,43,6,35.644000978233656,1
1401,22,MX,56,2,130.9228412935485,0
1402,41,CO,56,3,82.92666442800945,0
1403,49,MX,46,10,62.94007962056557,0
1404,43,CO,43,3,80.17589063651569,0
1405,46,AR,41,4,77.30856810725354,0
1406,25,CL,49,9,34.550088601051044,0
1407,17,CO,63,2,7.982907626477294,0
1408,53,AR,50,5,46.89741628418757,0
1409,31,CO,57,1,198.73737932878208,1
1410,31,CO,46,5,184.09610614683996,0
1411,50,AR,44,9,169.95578705497005,0
1412,41,CO,45,2,132.17361208152843,0
1413,40,CO,44,5,317.3738324325522,0
1414,60,CL,58,6,130.57918601674947,0
1415,27,AR,43,7,87.41415648075865,1
1416,46,AR,45,3,-100.0,0
1417,35,MX,47,7,101.36954476074543,0
1418,38,CO,52,7,60.18297296662054,0
1419,53,CL,64,6,80.82843303752674,0
1420,41,CO,43,4,182.31208113819739,0
1421,41,CO,52,10,142.29379056075905,1
1422,47,MX,48,6,126.7037877918126,0
1423,30,CO,54,8,64.61423041087144,0
1424,24,CL,46,3,112.98136363456037,0
1425,22,CL,48,6,387.8495886343784,0
1426,11,MX,65,9,192.39649153721282,0
1427,59,CO,46,3,53.92854654682906,0
1428,21,CL,50,7,88.55842125836338,0
1429,32,CO,54,4,105.0886387445296,0
1430,31,CO,900000,3,77.19541870396405,0
1431,38,CO,41,9,316.68443882903415,0
1432,44,MX,60,4,83.75811471965855,0
1433,45,CO,56,4,105.05182386953065,0
1434,28,CL,49,3,174.04646092240603,1
1435,32,CO,57,2,79.09072277573945,0
1436,38,CL,51,3,29.77020680641655,0
1437,32,CO,51,6,46.510756293157996,0
1438,54,CL,66,12,46.15835799851867,0
1439,40,CL,46,7,80.84603279780838,0
1440,43,CO,58,4,97.50835137075957,0
1441,42,CO,53,7,21.81254666261262,0
1442,49,CL,43,50,227.01925243257,0
1443,37,AR,36,8,80.41284314404771,0
1444,19,MX,51,4,113.2861584943182,0
1445,39,AR,55,7,63.06841888222904,0
1446,27,AR,56,5,108.96053319703786,0
1447,28,CO,43,2,71.91041818533785,0
1448,42,MX,58,4,65.97829297118226,0
1449,49,AR,48,6,20.10234707184422,0
1450,35,CO,42,6,118.26414844645655,0
1451,38,AR,65,4,44.7621203202614,0
1452,55,AR,44,3,33.49715331643199,1
1453,37,CO,63,4,51.76088617801491,0
1454,66,CO,53,5,43.76958260339182,0
1455,41,CO,47,7,9.579294661393318,0
1456,13,MX,32,10,197.95064553986586,0
1457,44,AR,58,7,154.77693515017376,0
1458,39,CO,47,5,70.71634581862922,0
1459,50,CL,120000,3,136.76729042129304,0
1460,43,AR,44,4,142.62322403521387,0
1461,33,CL,44,4,59.41356766594213,1
1462,20,MX,45,8,201.0319155842398,0
1463,32,CO,50,8,35.55271015857314,0
1464,24,CL,44,4,31.25949769212356,1
1465,28,MX,47,4,181.90681262896456,0
1466,42,CO,51,8,103.73892625902698,0
1467,55,CL,52,4,43.30411632094733,0
1468,39,CL,47,6,84.05571532965922,0
1469,20,MX,53,6,78.29127635049747,0
1470,40,CO,52,1,71.61075288212997,0
1471,49,CO,49,5,43.03614905524225,0
1472,27,CL,45,3,1.0,0
1473,33,CL,51,9,160.29415843051297,0
1474,35,CL,56,4,66.32638192298515,0
1475,25,CO,53,8,168.79095383829866,0
1476,42,MX,63,8,16.835995578649133,0
1477,33,MX,55,2,144.47269616510283,0
1478,40,CO,43,6,33.29432010154619,0
1479,24,AR,60,9,269.4100534184448,0
1480,29,MX,63,4,126.21813131283525,0
1481,43,CL,50,4,36.53518231893687,0
1482,30,AR,57,6,144.1798374443538,0
1483,55,AR,65,13,27.298999078400037,0
1484,30,MX,54,6,73.00416793680058,1
1485,37,AR,41,8,10.73582515914459,0
1486,46,AR,42,8,19.642001366707944,0
1487,17,MX,47,1,53.526746035656856,0
1488,13,MX,53,8,164.31376779101495,0
1489,16,AR,50,4,19.69454433686355,1
1490,50,CL,51,4,162.50176183557807,0
1491,28,CO,51,2,14.696461598131563,0
1492,65,AR,46,6,162.24847885100922,0
1493,28,AR,49,6,57.97227451080715,0
1494,37,CL,53,3,40.65908839512885,0
1495,53,AR,53,5,213.75258257473595,0
1496,59,AR,46,8,546.5464790871812,0
1497,59,CO,39,9,73.69410884662112,0
1498,49,CO,54,3,115.22344571374288,0
1499,47,CO,47,2,56.100683947778606,0
1500,42,MX,58,7,187.62139422929184,0
1501,44,MX,44,6,120.75283675919428,1
1502,28,CO,45,6,129.0536552831245,0
1503,25,CO,60,6,80.10163980369718,0
1504,34,MX,48,4,108.26209482006304,0
1505,32,CL,50,6,80.04502147580183,0
1506,29,AR,57,10,76.20065986173537,0
1507,43,AR,54,4,160.37351397868662,0
1508,46,CO,61,3,123.59553519103397,1
1509,36,CL,51,0,54.35965235070492,0
1510,52,MX,48,8,160.8175401325883,0
1511,21,CO,37,3,115.73680038548821,0
1512,32,CL,45,4,113.55103049487185,0
1513,26,CL,54,5,77.1819851234664,0
1514,12,CL,50,3,29.59219487518026,0
1515,34,MX,59,2,151.63196153579023,0
1516,33,MX,54,8,202.47790431024998,0
1517,53,AR,65,4,43.750296383560624,0
1518,42,AR,56,3,59.47643329796701,0
1519,22,CL,63,50,43.65457607387284,0
1520,57,CL,56,5,22.18083310245853,0
1521,49,MX,49,6,248.2044117244092,0
1522,41,AR,56,7,58.381802776550686,0
1523,32,CL,45,10,158.71073940197752,0
1524,23,AR,50,7,180.92174854248609,0
1525,30,AR,46,3,34.84741891901821,0
1526,48,CL,55,3,228.52552960496394,0
1527,57,MX,53,7,63.90156398257791,1
1528,53,CL,55,3,146.22736739679834,0
1529,29,CL,59,3,182.91575213175278,0
1530,21,AR,45,3,57.22314770457836,0
1531,36,CL,50,8,33.857980887078426,0
1532,13,MX,47,2,47.45071049071553,1
1533,38,CL,39,5,157.2582756733782,0
1534,33,MX,43,4,266.39577795908525,0
1535,29,MX,44,2,72.87098878680489,0
1536,15,AR,56,3,60.447872500874325,0
1537,41,CO,52,2,397.80838312307606,0
1538,28,CO,50,6,134.47790404097157,1
1539,20,AR,51,3,26.76899257743996,0
1540,0,CL,50,6,41.33438975909534,0
1541,34,AR,57,5,19.063001541869152,0
1542,56,MX,41,4,103.7706755239258,0
1543,54,CO,63,6,79.53646027943664,0
1544,29,AR,47,6,66.84007838552746,0
1545,27,CL,50,6,25.68634578340692,0
1546,40,AR,63,7,42.55023320593408,0
1547,23,CO,44,10,79.86647026726416,0
1548,38,AR,47,12,81.7361854181007,0
1549,44,AR,49,5,134.8525107033094,1
1550,49,CO,45,7,13.478216339498184,0
1551,33,MX,41,10,152.4314175934701,0
1552,32,MX,51,2,47.93664305383035,0
1553,24,CO,65,4,105.44788170824847,0
1554,25,AR,41,6,230.61825540853414,0
1555,32,CO,59,4,75.41369375102316,1
1556,39,MX,65,5,219.22367806321466,0
1557,45,CL,47,3,364.06166372864595,0
1558,25,AR,52,3,86.35009599037687,0
1559,52,MX,53,3,320.82632954215944,0
1560,31,AR,40,6,41.900533778909214,0
1561,34,CO,45,5,109.15151480458356,0
1562,26,CL,54,9,66.45043939968735,1
1563,5,CO,42,1,89.60331164728589,0
1564,45,CL,45,5,68.3578241975975,0
1565,43,AR,46,6,12.395797912414741,0
1566,31,AR,34,5,103.54876531664867,0
1567,35,CO,55,8,52.37729639772619,0
1568,41,CL,45,4,158.69711615417583,0
1569,16,CL,54,6,195.84909778091523,0
1570,28,AR,57,5,41.00851438195036,0
1571,44,CO,43,7,24.035843944105377,0
1572,19,CL,50,4,41.67543864173272,0
1573,38,AR,53,7,33.92090983571555,0
1574,18,MX,48,4,47.83270841750362,0
1575,40,CO,46,5,74.44267610048817,0
1576,34,MX,56,5,148.82888266723694,1
1577,15,CO,51,5,213.0381369650236,0
1578,48,AR,41,6,170.21536590480366,0
1579,26,CL,43,5,285.8562089322513,0
1580,25,CL,51,3,27.580398036735353,1
1581,37,CL,65,3,78.06634679716687,0
1582,48,CO,55,5,41.53663626757555,0
1583,22,AR,39,4,163.63583312372515,0
1584,35,MX,42,5,97.6841058064683,0
1585,40,AR,47,2,43.84434732297779,0
1586,43,MX,41,8,149.1861347560229,0
1587,37,CO,45,4,162.12135976707708,0
1588,30,CO,58,1,66.73464471834333,0
1589,25,MX,56,3,129.28322813415625,0
1590,36,MX,46,6,86.35448895102081,0
1591,22,MX,49,7,65.38911540337065,0
1592,0,AR,44,5,66.89224174819772,0
1593,40,MX,50,3,49.85799089695691,0
1594,45,CO,37,5,98.60544716206317,0
1595,6,CO,43,4,77.85377248560278,0
1596,22,CL,43,4,123.522543523508,0
1597,42,MX,64,2,6.059893131878983,0
1598,59,AR,47,3,126.50503768823216,0
1599,35,AR,34,4,1.6289613842293982,0
1600,26,AR,53,6,125.4391543329477,0
1601,32,CL,65,8,89.32347630905937,0
1602,51,CO,54,5,9.872756632124863,0
1603,27,AR,50,2,87.40370706346926,0
1604,25,CO,49,3,132.57194728410042,0
1605,29,CL,46,6,86.01808252503572,0
1606,23,MX,50,6,78.5546895290092,0
1607,36,MX,42,9,59.527751049895016,0
1608,54,MX,43,5,99.18961238181147,0
1609,38,AR,54,3,116.70253706656915,1
1610,31,MX,51,6,73.02384423407759,0
1611,31,AR,50,4,80.26910554770038,0
1612,16,CL,50,5,38.444657157305635,0
1613,45,CL,43,4,153.0203684282722,0
1614,34,AR,54,7,39.89481669402093,0
1615,32,CO,39,9,101.73353252304051,0
1616,73,MX,40,6,79.62641949302726,0
1617,38,MX,50,5,40.89850629910454,0
1618,25,MX,52,2,175.75336483941376,0
1619,29,AR,49,7,14.751021818510768,0
1620,48,CL,54,2,66.04016727517178,1
1621,36,MX,45,5,89.71703185733698,0
1622,17,CL,53,5,235.49170293649385,0
1623,46,MX,57,4,128.77282275304938,1
1624,26,MX,45,2,22.233130431436717,0
1625,0,AR,54,11,16.937241849260264,0
1626,47,CO,36,5,206.7134467751954,1
1627,29,AR,51,8,200.87771694226836,0
1628,50,MX,47,10,139.27941492971166,0
1629,35,MX,42,10,46.6420059737519,0
1630,45,CO,48,5,47.923805727221804,0
1631,40,CL,45,2,17.624335218025937,1
1632,24,CL,50,7,152.5804100842868,0
1633,27,MX,46,7,29.60640855047575,1
1634,47,CL,38,10,105.86175851595871,0
1635,30,MX,43,3,85.32272968778895,0
1636,30,CO,48,7,61.649098888631805,0
1637,23,CO,49,6,52.43396521303456,0
1638,40,MX,39,2,106.8083295926139,0
1639,59,CO,53,2,209.9306951950124,0
1640,22,AR,45,50,117.57642343438815,0
1641,35,AR,43,4,77.07947918644199,0
1642,51,CO,43,2,151.78718229550879,0
1643,34,MX,45,9,231.61257204599002,0
1644,40,MX,53,7,44.149804613157144,0
1645,22,CO,41,8,96.66954784752215,0
1646,40,CL,47,3,37.39861794608698,0
1647,32,AR,51,7,215.9973370729431,0
1648,46,CL,53,3,121.09076385418633,1
1649,49,MX,51,10,85.5899485453454,0
1650,66,MX,45,4,61.00150773443623,0
1651,41,CL,52,7,119.32352232176837,1
1652,38,CO,44,2,355.18856173816846,0
1653,37,CL,50,2,54.56802115391617,1
1654,30,CL,62,5,7.262113302283018,0
1655,39,AR,47,10,101.72341352653658,0
1656,31,AR,58,6,70.65150143911096,1
1657,37,CL,52,4,45.37664941708055,0
1658,50,CL,57,1,150.80008091412293,0
1659,22,MX,59,8,118.97040739592373,0
1660,48,AR,48,5,50.97867388094215,0
1661,50,AR,53,3,250.83481926895664,0
1662,33,MX,59,4,272.7615451435516,0
1663,9,CO,47,3,42.91898756241537,1
1664,27,AR,49,3,71.09731595393045,1
1665,50,AR,48,4,249.49414305619277,1
1666,34,CO,48,4,43.04413395294433,0
1667,23,AR,52,5,90.53284152910011,0
1668,28,AR,40,3,110.23282348827455,0
1669,45,CO,46,6,130.95323934439088,0
1670,41,CO,59,4,278.3634241677939,0
1671,32,CL,43,6,200.82598466018405,0
1672,30,MX,51,6,73.90431343324504,0
1673,30,MX,40,5,107.16973241535888,1
1674,23,CO,51,7,118.23650515304922,0
1675,54,CO,48,5,35.68540478947344,1
1676,31,AR,52,6,28.75949329755338,0
1677,49,CL,52,4,62.795360881600914,0
1678,53,CL,45,8,105.00382003840976,1
1679,46,CO,56,11,75.59386858547677,0
1680,29,AR,47,6,4.301534928393074,0
1681,39,AR,51,3,39.103555303498375,0
1682,34,MX,47,4,330.56179626568803,0
1683,24,MX,52,8,328.85811757314326,0
1684,38,AR,53,6,128.0754766569764,0
1685,20,MX,38,5,242.46261487640638,1
1686,49,CO,44,6,210.61049097070003,0
1687,29,AR,58,4,192.81804555246688,0
1688,37,MX,56,5,93.50953594204337,0
1689,38,CL,48,14,36.09658372356219,0
1690,31,AR,43,4,145.18100343035795,0
1691,42,AR,42,6,97.79238209045701,1
1692,29,CL,56,2,29.17393012724271,0
1693,45,CO,58,5,105.1853311348213,0
1694,18,CL,65,5,81.51681176277009,0
1695,36,AR,53,4,48.09760167140126,0
1696,58,CO,53,3,67.19241114766437,1
1697,22,MX,43,6,238.7027400843852,0
1698,26,MX,51,5,49.463077901270786,0
1699,41,MX,55,7,71.64814014152039,0
1700,37,AR,40,8,74.41420067489182,0
1701,39,CL,50,6,48.345443555223746,0
1702,40,CO,62,5,9.814621711092794,0
1703,42,MX,57,8,140.818807177302,0
1704,48,CO,47,9,110.65103754391036,1
1705,39,AR,41,3,30.951917696701127,0
1706,32,MX,52,5,110.60795426832549,0
1707,43,AR,62,2,248.81340857554272,0
1708,57,CL,54,6,157.1644832498814,0
1709,33,AR,51,9,105.37189119733712,0
1710,23,AR,48,5,74.32269043508664,0
1711,48,CL,50,7,76.92576721312976,0
1712,33,CO,43,7,253.91898508046822,0
1713,8,CL,43,3,37.75721564120596,0
1714,45,CL,54,5,40.17796194109903,1
1715,28,AR,52,5,19.323547323527784,0
1716,33,CO,46,4,126.89658273510341,0
1717,38,MX,43,5,292.6869054965804,0
1718,37,CL,46,4,204.69779783059315,0
1719,43,CO,46,8,59.292549881016,0
1720,29,CL,61,7,95.04858721079972,0
1721,41,CL,44,6,57.615333565065065,0
1722,31,CL,46,7,128.07308257229374,0
1723,43,CL,59,10,47.67210256105064,0
1724,42,AR,42,4,28.744404095089827,0
1725,23,CO,50,9,140.64261173029806,0
1726,48,CO,60,9,187.34281222454024,1
1727,28,CO,61,9,125.12309682828342,0
1728,44,CL,50,3,276.727562398303,0
1729,39,AR,53,3,47.14981009693636,1
1730,57,CL,46,8,122.99579189122143,0
1731,32,CL,35,6,34.608168618175114,0
1732,30,CO,49,9,61.80413861908135,0
1733,34,CL,49,2,60.021351884687476,0
1734,31,MX,42,6,123.68029600055608,0
1735,44,CL,50,2,19.29679086920965,0
1736,15,MX,46,9,142.90895699937886,0
1737,22,CL,37,6,122.21881699143368,0
1738,22,AR,56,1,183.38819799797628,1
1739,46,AR,55,3,102.22039043516513,0
1740,55,CO,49,4,108.96295184853741,0
1741,33,CL,56,4,95.51682531489489,0
1742,32,MX,47,6,32.731047299333326,0
1743,35,MX,53,8,141.7510269465848,0
1744,48,CL,59,5,238.47653943617445,0
1745,23,MX,56,11,96.64487482450241,0
1746,37,AR,60,9,165.8042863437583,0
1747,46,MX,50,5,193.62947478674107,0
1748,41,CO,37,4,29.404607428890365,0
1749,37,AR,64,3,71.34940256975644,0
1750,47,AR,52,12,78.01755277320444,0
1751,2,AR,39,5,74.40333162175953,0
1752,43,CL,55,12,79.18090181128602,0
1753,27,CL,46,4,107.78128147589807,0
1754,13,AR,45,5,159.25329601250792,0
1755,41,CL,64,3,49.771534506613555,0
1756,51,MX,48,50,87.53994670587822,0
1757,33,CL,47,5,95.0875560584933,0
1758,46,CL,53,3,77.46834740438584,1
1759,54,AR,34,8,118.64422001348407,1
1760,50,CO,51,6,200.53805887770596,0
1761,54,CO,51,4,112.43923888231788,0
1762,43,CO,44,2,133.7658678328607,0
1763,35,MX,44,8,27.31779317372731,0
1764,15,CL,51,7,71.96545375475321,0
1765,32,CO,61,3,78.5954441076422,0
1766,24,AR,39,3,37.14548134845495,0
1767,61,CO,63,8,19.32488247541429,0
1768,32,CO,50,5,50.13708614172007,0
1769,36,CL,38,6,67.46162688036965,0
1770,41,CL,62,9,65.44060898539723,0
1771,35,CL,53,4,160.7824164127974,0
1772,55,MX,52,5,48.33124013956147,0
1773,27,MX,55,6,190.29573660853413,0
1774,37,CO,49,7,7.630818969430275,0
1775,26,CL,42,3,187.09114128300752,0
1776,19,CO,46,4,164.06516870454954,1
1777,27,AR,42,4,5.2309851098424485,0
1778,34,AR,41,1,129.4329447857989,0
1779,29,CL,44,5,98.8866647050905,0
1780,26,CL,45,4,47.38154012327206,0
1781,18,AR,60,1,247.8960642465464,0
1782,34,CL,52,3,57.607159897816075,0
1783,16,MX,48,7,143.48674927321392,0
1784,44,MX,53,0,71.84890523090449,1
1785,35,CL,45,9,161.26314370108713,0
1786,17,AR,39,5,61.817348301967826,0
1787,31,CO,50,4,59.74540551090817,0
1788,25,CL,44,0,129.40062811551454,0
1789,38,CL,46,6,64.11822392806226,0
1790,51,CO,47,6,61.890981110684606,0
1791,12,CL,61,2,88.94494521620732,0
1792,36,CO,49,3,103.72491844769907,0
1793,33,AR,60,5,105.14480850225505,0
1794,43,MX,65,7,139.92201457373253,0
1795,37,AR,47,5,107.65630697697617,0
1796,25,MX,51,5,103.19257990496587,0
1797,31,CO,48,6,23.855700433120955,0
1798,25,MX,55,3,169.801648331933,0
1799,47,AR,64,5,77.89622995367179,0
1800,35,MX,44,4,19.161849670243164,0
1801,57,CO,31,3,177.26482236146066,0
1802,34,MX,40,7,54.278934199124784,0
1803,26,CL,45,4,32.573838256103244,0
1804,16,AR,44,7,133.68355504010736,0
1805,13,CL,39,6,80.62942582327966,0
1806,15,CO,44,4,121.62142585500453,0
1807,38,MX,61,4,60.009802147565985,0
1808,41,CL,47,3,17.38675888365708,0
1809,16,CL,48,5,47.67606524079903,0
1810,45,MX,49,4,196.65903925104652,0
1811,29,MX,65,10,28.306391424464117,0
1812,36,AR,51,8,167.85301062336177,0
1813,54,CL,43,2,120.41815466060228,0
1814,45,CL,42,3,96.3873425380775,0
1815,31,CO,52,7,133.99801193024493,0
1816,24,AR,47,4,190.23906803077443,0
1817,9,CO,51,6,187.27675449837238,0
1818,26,CL,37,4,67.02216293446722,0
1819,32,CO,57,5,61.09061862539089,0
1820,23,CL,58,5,141.2155406538402,1
1821,33,CL,40,9,52.16374808670828,0
1822,35,CO,46,4,28.637172918530325,0
1823,32,CO,57,1,46.82314315419801,0
1824,27,MX,50,4,18.766689532696628,0
1825,37,MX,48,6,65.75687716624125,0
1826,40,MX,41,3,136.49846548259256,0
1827,21,CL,35,4,83.67082883490275,0
1828,51,CO,43,10,50.69411962893871,0
1829,33,AR,47,9,67.96371859382289,0
1830,35,CL,58,6,111.17056414229911,0
1831,43,AR,64,7,88.1138482771885,1
1832,37,CO,51,0,51.05869484106423,0
1833,46,CL,53,6,148.11091773355008,0
1834,38,AR,53,2,99.80302826778666,0
1835,27,AR,35,3,84.25066939258907,0
1836,39,MX,51,13,254.43588022840996,1
1837,21,MX,43,5,96.55287777819439,0
1838,36,MX,46,2,32.723824636144364,0
1839,34,CL,41,6,9.780814351316373,0
1840,32,CO,57,6,8.34123349316022,1
1841,33,CO,50,4,92.9791894752453,0
1842,12,MX,54,8,114.61577756839752,0
1843,28,MX,45,10,217.42329752021686,0
1844,36,MX,52,9,201.79163778442066,0
1845,36,AR,45,4,78.68372523787286,1
1846,22,MX,41,3,70.43270953141739,0
1847,50,AR,48,6,53.74192511292022,1
1848,24,CO,60,7,172.63566774757464,0
1849,46,CL,51,5,81.56179897341511,0
1850,40,CL,54,4,46.14693130943774,0
1851,27,CL,40,6,81.71641011917526,0
1852,56,CL,53,5,74.54123845418567,0
1853,20,AR,42,5,66.72137359385036,0
1854,46,AR,64,1,51.63868920695025,1
1855,47,MX,56,6,192.33946775081245,0
1856,26,AR,57,4,75.59422049415463,0
1857,51,MX,52,4,54.95780263913353,0
1858,31,MX,45,2,43.3878999399511,0
1859,38,CL,50,5,118.6996381381787,0
1860,38,AR,47,4,1.0,1
1861,33,AR,47,9,64.5087256228548,0
1862,44,MX,61,4,55.019424483306835,0
1863,44,MX,47,0,176.92273773114718,0
1864,14,CO,53,11,38.75730913266891,0
1865,50,CO,63,8,72.88114104665831,0
1866,15,MX,66,7,86.78904311728832,1
1867,47,CO,52,6,108.15462585559234,1
1868,48,CO,60,3,83.35455415590809,1
1869,21,MX,54,5,1.4654423915311854,0
1870,30,MX,41,6,121.63097496221317,0
1871,21,AR,60,3,1.5303803254717168,0
1872,32,MX,41,5,51.40093860544731,0
1873,31,MX,52,8,192.30252935024566,0
1874,44,CL,45,6,41.975812131645114,0
1875,50,AR,48,7,49.245145726089845,0
1876,51,AR,50,4,112.91313482331265,0
1877,28,AR,62,3,121.61627612315125,0
1878,32,CL,55,8,17.043051345382082,1
1879,14,MX,43,1,135.92798233633593,0
1880,25,AR,54,5,113.02443545459724,0
1881,46,AR,49,6,38.397554196637316,0
1882,54,CO,56,5,109.0792783903883,0
1883,20,AR,53,5,56.908678162439564,0
1884,27,MX,45,5,144.05439839564326,0
1885,34,MX,40,5,187.68293903075482,0
1886,38,CO,43,6,148.12306577672743,0
1887,25,AR,61,5,209.76063229666434,0
1888,40,AR,55,5,94.01438823243424,0
1889,29,AR,51,8,33.35755518291981,0
1890,34,CL,56,3,80.84716221065345,1
1891,41,AR,54,50,73.41527913718589,1
1892,35,MX,58,3,82.27706231403654,0
1893,29,MX,53,3,67.25216859905785,1
1894,33,CL,54,7,135.69420433142432,0
1895,33,CL,49,4,73.97377540448822,0
1896,30,AR,49,4,91.82942065323194,0
1897,31,CO,50,2,24.1004394386652,0
1898,54,CL,57,6,85.60839442396411,0
1899,41,CL,44,3,33.48714182458553,0
1900,31,AR,58,7,24.56291752513013,0
1901,43,AR,50,7,160.56055582298532,0
1902,30,CL,47,8,146.20672048806856,0
1903,49,CO,44,6,173.5960909649924,0
1904,39,CL,57,7,135.56055515971758,1
1905,33,AR,45,4,194.36542000563733,1
1906,40,AR,47,7,37.16501997247406,0
1907,16,CL,49,2,18.870929463569873,1
1908,21,CO,54,5,36.77401358096693,0
1909,20,CL,59,3,131.97232752547,0
1910,36,CL,41,7,74.1733018713866,1
1911,55,AR,57,5,98.90297467010991,0
1912,61,CO,46,7,239.12390925019875,0
1913,42,MX,50,9,47.666764818019175,0
1914,41,CO,53,6,31.590871834536227,0
1915,13,CL,66,5,204.70857184647357,0
1916,28,CL,70,7,83.81858710321848,0
1917,25,CL,50,1,68.98541168287731,0
1918,27,CO,49,3,173.04215229921425,0
1919,32,AR,49,3,157.1334638558542,0
1920,29,CL,55,11,320.2175338560239,1
1921,11,CL,58,4,132.3867516961331,0
1922,43,CO,52,2,48.38310057586692,0
1923,22,MX,47,5,40.270916305575554,0
1924,37,MX,46,7,49.7303391001483,0
1925,59,AR,43,2,194.7907223054724,0
1926,23,AR,54,5,137.14408858971936,0
1927,4,CL,66,2,39.174991682071735,0
1928,31,CO,59,1,159.0017473013403,0
1929,48,CL,51,6,71.07466683321874,0
1930,58,AR,38,4,84.92986960564633,0
1931,20,CO,49,7,179.31222634606763,0
1932,40,CO,48,7,99.03183875809556,0
1933,29,AR,57,6,221.72909454788373,1
1934,33,MX,43,6,13.738364185754481,0
1935,66,MX,55,6,193.42516506890414,0
1936,16,CO,50,7,104.14373450454639,0
1937,38,CL,48,4,173.18192234960478,0
1938,40,MX,55,9,13.777622621002413,0
1939,48,CL,42,4,30.76289221003344,0
1940,36,MX,45,6,169.42967520085836,0
1941,38,MX,40,7,25.193781735735914,0
1942,30,CL,45,4,57.77302513726702,0
1943,38,AR,41,6,83.7938614633395,0
1944,30,MX,59,2,140.8905249479958,0
1945,42,MX,56,6,166.50721101249493,0
1946,30,CL,54,4,112.27382927320892,0
1947,39,AR,48,3,220.98749013688152,0
1948,34,MX,51,3,122.34264588264875,1
1949,48,MX,40,5,61.71299832621611,0
1950,34,AR,53,3,159.6620556436983,0
1951,13,MX,66,4,60.886394489346564,0
1952,50,AR,46,3,116.132005341078,0
1953,24,AR,46,6,68.8171349640119,0
1954,27,CL,51,9,10.248509120936482,0
1955,27,CO,57,5,129.8419776736853,0
1956,51,AR,55,6,81.3256999175188,0
1957,9,CL,48,4,34.86801752904211,0
1958,72,CO,69,3,393.5914002345961,0
1959,47,MX,48,9,133.9593825949072,1
1960,37,CO,47,3,126.73454928710251,0
1961,34,AR,35,9,14.178896922403991,0
1962,38,AR,49,4,64.56110377184315,0
1963,41,AR,57,8,74.4664557341991,0
1964,42,AR,50,3,93.24019498043921,0
1965,41,AR,53,3,36.37186341967206,0
1966,36,CL,44,5,64.05880675946662,0
1967,32,AR,32,8,67.32728331737732,0
1968,33,CL,45,3,68.5270754281187,1
1969,32,MX,50,4,62.40110455289609,0
1970,48,AR,59,8,233.53149501422794,0
1971,42,AR,46,3,134.0658342972061,0
1972,0,CO,47,3,33.604738119942105,0
1973,42,MX,54,2,101.31028018842494,0
1974,37,AR,52,7,33.724924335808595,0
1975,34,AR,43,2,93.80317012385642,1
1976,30,MX,64,6,60.2958571228282,0
1977,48,CL,53,5,97.92015124261444,0
1978,46,AR,41,6,78.06921527908642,1
1979,25,CO,46,2,15.111921210339682,0
1980,39,AR,42,10,97.31595257438069,0
1981,23,CO,47,3,57.303562524468866,0
1982,18,CO,51,6,108.10563476953281,0
1983,27,AR,46,5,124.45042516925015,0
1984,45,AR,59,7,34.35171236321833,0
1985,46,CO,47,6,76.32242544804531,0
1986,41,MX,47,7,11.598113089422753,0
1987,43,MX,52,4,118.93319702864798,0
1988,41,AR,43,7,107.22571099349642,0
1989,27,CL,57,2,17.93700365823635,0
1990,40,MX,39,6,20.473649493666393,0
1991,44,AR,54,7,44.62155708168164,0
1992,44,MX,53,5,76.48965882114905,0
1993,49,CL,54,4,91.50702290544925,0
1994,43,AR,46,5,91.34715137377336,0
1995,39,CL,44,2,26.381717638979218,0
1996,47,AR,62,8,77.75607685764047,0
1997,34,CL,48,5,10.594040572083681,0
1998,24,MX,52,6,88.07643875986358,1
1999,33,MX,38,5,105.87845349635003,0
2000,26,CL,56,6,42.638878407657174,0
1756,51,MX,48,3,87.53994670587822,0
1654,30,CL,62,5,7.262113302283018,0
1050,51,CL,54,4,28.566764012353385,0
569,12,MX,46,3,71.51370429838582,0
1753,27,CL,46,4,107.78128147589807,0
88,38,CL,46,4,209.0957595982677,0
1949,48,MX,40,5,61.71299832621611,0
1319,27,CL,51,4,67.6157281801201,0
956,48,CL,54,10,85.97106495871887,0
1969,32,MX,50,4,62.40110455289609,0
671,49,CO,62,3,173.02601365589788,0
10,41,CO,51,7,60.37987946928798,0
1258,40,MX,41,5,124.98491505275298,0
644,16,CL,55,3,26.693418116936453,0
1373,18,MX,55,7,43.19012484714847,1
1176,31,MX,44,3,56.78373653720152,0
866,30,CL,50000,3,215.9279946668675,0
223,43,CO,54,3,108.38930734046774,0
1605,29,CL,46,6,86.01808252503572,0
531,42,CL,40,7,27.025236893289474,0
